produce_type,color,size,ripeness,moisture_loss,blemish_ratio,density_score,grade
carrot,82.57,69.52,88.01,17.64,0.077,72.25,C
carrot,73.26,81.8,62.35,42.93,0.306,72.4,B
banana,94.91,87.61,62.25,39.96,0.003,79.32,B
cucumber,75.23,73.83,95.56,3.51,0.226,82.93,B
tomato,85.98,86.39,82.6,19.98,0.247,82.46,A
banana,65.79,89.39,94.06,5.25,0.3,87.61,B
orange,87.76,90.92,84.69,11.32,0.134,88.39,A
banana,91.07,84.68,86.86,13.54,0.104,88.93,A
tomato,56.14,78.16,68.47,27.69,0.425,80.79,C
carrot,92.52,61.81,70.64,30.33,0.104,69.78,C
apple,89.9,77.82,68.6,36.55,0.091,66.83,B
banana,64.21,87.97,78.28,25.86,0.337,83.92,C
carrot,87.38,78.29,83.31,12.72,0.108,78.89,B
carrot,85.3,76.37,76.2,26.68,0.169,79.61,B
tomato,76.52,76.92,74.72,15.15,0.162,69.21,B
orange,84.0,71.13,69.95,37.85,0.142,74.23,B
carrot,64.0,79.53,60.8,37.17,0.402,61.53,C
banana,81.57,74.87,52.86,47.57,0.158,65.03,C
banana,78.33,100.0,72.17,21.69,0.226,87.19,A
tomato,90.53,86.28,99.41,0.0,0.063,88.21,A
tomato,72.15,65.48,86.16,12.5,0.205,70.74,C
carrot,90.57,100.0,100.0,2.49,0.045,89.34,A
apple,82.02,72.24,69.35,26.97,0.173,76.13,B
orange,75.62,69.57,49.21,47.88,0.241,68.23,C
cucumber,79.95,93.79,68.01,24.88,0.152,77.28,B
tomato,65.68,92.06,61.55,44.04,0.362,76.02,B
apple,77.39,74.14,83.14,14.13,0.165,72.25,B
orange,100.0,83.92,74.1,27.61,0.065,80.11,A
orange,71.84,95.28,82.86,26.35,0.291,82.95,B
banana,100.0,100.0,73.13,24.57,0.073,81.03,A
banana,64.58,89.72,69.69,30.28,0.346,81.39,C
banana,79.36,89.73,43.2,56.51,0.164,60.37,C
orange,64.83,77.99,90.65,1.39,0.353,81.9,C
banana,93.04,88.46,97.4,1.67,0.035,91.81,A
apple,81.64,84.12,58.65,41.89,0.195,83.97,C
cucumber,65.2,78.55,52.58,43.87,0.364,71.6,C
apple,67.06,74.15,41.64,57.38,0.276,55.25,C
tomato,94.86,80.87,47.88,43.32,0.158,57.94,C
banana,61.55,100.0,100.0,0.0,0.366,100.0,C
carrot,63.2,79.06,88.44,14.17,0.349,83.08,C
cucumber,57.38,79.14,71.74,29.66,0.398,77.8,C
carrot,80.33,86.22,76.85,23.15,0.161,83.12,A
apple,76.54,100.0,100.0,2.32,0.196,94.44,A
orange,81.94,87.76,48.09,57.48,0.203,62.37,C
banana,70.93,85.16,76.84,21.41,0.286,79.74,B
cucumber,100.0,51.2,72.21,28.85,0.015,59.85,C
tomato,51.65,85.94,100.0,0.0,0.527,91.33,C
tomato,62.21,77.99,96.8,6.7,0.465,93.28,C
apple,84.59,100.0,83.02,21.94,0.139,91.84,A
banana,92.84,67.86,88.52,10.34,0.13,81.94,C
tomato,100.0,90.77,50.85,48.75,0.0,68.22,C
cucumber,87.56,73.61,59.78,40.42,0.064,63.34,C
orange,82.68,95.86,85.74,0.51,0.188,91.16,A
carrot,100.0,57.24,66.54,37.0,0.0,69.27,C
carrot,83.53,92.16,66.86,38.02,0.218,80.68,B
carrot,82.06,71.64,73.64,25.45,0.199,77.64,B
cucumber,62.12,80.5,99.7,0.0,0.338,91.11,C
tomato,78.17,97.95,89.71,15.34,0.246,100.0,A
carrot,74.92,57.96,100.0,0.0,0.256,85.53,C
carrot,59.23,62.78,63.29,39.34,0.434,64.42,C
cucumber,56.81,54.28,76.87,20.3,0.455,69.08,C
orange,68.06,83.66,88.16,13.21,0.346,82.39,B
apple,75.31,84.36,89.13,8.51,0.273,85.42,A
apple,90.44,58.08,55.26,35.85,0.0,53.28,C
apple,89.24,78.58,79.16,27.37,0.174,78.53,B
apple,76.53,98.24,77.47,17.5,0.205,80.46,A
apple,64.68,77.7,88.86,21.47,0.284,85.24,C
cucumber,85.12,80.43,46.71,58.86,0.119,60.9,C
banana,61.95,74.15,82.85,16.02,0.397,80.31,C
orange,72.86,64.28,93.08,4.94,0.327,80.59,C
apple,76.03,86.19,100.0,12.46,0.243,93.89,A
banana,65.32,86.0,75.59,26.3,0.305,72.84,B
apple,46.91,68.59,68.66,29.58,0.628,74.16,C
cucumber,83.22,77.12,71.45,29.66,0.199,72.59,B
cucumber,93.96,68.3,76.1,39.48,0.072,79.37,C
orange,86.71,81.32,73.27,22.05,0.154,73.04,A
carrot,87.98,95.02,81.86,16.42,0.143,86.9,A
banana,50.53,77.97,44.15,46.88,0.563,65.54,C
tomato,67.21,63.97,30.0,66.74,0.449,49.16,C
banana,84.98,63.27,71.24,29.35,0.146,71.21,C
banana,83.17,90.02,64.99,40.4,0.25,72.65,B
orange,98.04,79.7,98.46,0.0,0.092,89.74,B
cucumber,81.87,100.0,70.21,24.14,0.159,87.37,A
banana,87.56,75.53,94.37,0.0,0.085,76.52,B
carrot,65.61,84.97,73.13,25.35,0.336,80.07,B
tomato,88.6,89.95,82.16,21.18,0.129,96.23,A
apple,76.69,78.32,63.94,29.86,0.171,66.69,B
tomato,83.01,82.61,63.75,41.65,0.207,72.38,B
banana,68.21,88.58,79.01,12.3,0.315,85.1,B
carrot,80.85,64.54,97.38,10.11,0.179,82.78,C
carrot,41.85,68.12,71.3,22.27,0.617,79.7,C
tomato,65.44,84.83,100.0,0.0,0.358,100.0,B
banana,53.22,66.63,69.22,27.65,0.508,69.13,C
orange,85.73,75.07,96.39,0.0,0.111,88.44,B
carrot,89.44,87.38,49.03,54.2,0.054,69.38,C
carrot,84.69,72.32,55.48,48.81,0.165,60.83,C
carrot,99.77,76.71,76.51,25.1,0.0,78.97,B
tomato,71.83,98.35,59.35,26.17,0.362,91.6,C
carrot,71.92,58.76,71.03,27.25,0.271,59.33,C
apple,85.87,64.07,87.19,25.13,0.15,73.94,C
tomato,75.87,89.38,48.31,52.68,0.222,78.09,C
apple,100.0,68.76,85.4,16.52,0.0,77.96,C
tomato,96.19,78.11,48.93,50.97,0.0,61.81,C
orange,52.42,62.61,83.71,13.15,0.348,77.09,C
apple,82.09,73.43,54.93,50.08,0.197,76.1,C
cucumber,83.82,80.0,89.07,14.68,0.224,81.93,B
carrot,71.47,76.25,88.65,20.34,0.262,80.33,B
cucumber,74.31,93.42,39.97,55.07,0.218,55.1,C
cucumber,63.55,71.02,72.78,33.9,0.352,66.75,C
tomato,93.74,70.29,61.43,41.92,0.052,69.1,B
apple,77.8,90.42,59.44,40.49,0.212,68.85,C
banana,88.29,77.79,59.64,39.78,0.174,57.31,C
tomato,55.55,70.93,99.38,2.32,0.483,79.45,C
tomato,84.72,82.7,84.78,14.09,0.167,84.53,A
banana,89.67,91.68,50.08,36.43,0.153,76.82,C
cucumber,50.1,83.19,90.89,19.89,0.525,85.18,C
apple,64.6,82.14,71.21,22.7,0.456,85.6,C
tomato,64.19,92.26,86.23,16.42,0.421,92.42,C
cucumber,89.1,89.64,81.45,7.85,0.113,82.77,A
carrot,100.0,100.0,97.75,3.78,0.068,98.93,A
orange,81.04,68.88,82.35,18.01,0.124,75.36,C
apple,100.0,92.73,76.18,25.31,0.002,83.44,A
orange,61.76,80.19,64.06,28.44,0.408,74.08,C
orange,76.16,93.95,92.95,13.21,0.24,89.22,A
carrot,61.74,86.14,82.07,25.66,0.438,83.44,C
orange,73.21,84.61,72.77,23.77,0.281,76.17,B
banana,68.58,85.74,69.57,31.9,0.328,71.96,B
banana,99.57,68.06,42.13,46.7,0.006,55.25,C
carrot,76.24,96.57,33.23,69.14,0.316,59.26,C
orange,66.71,71.27,70.78,37.79,0.425,69.34,B
tomato,100.0,82.43,100.0,0.0,0.007,93.04,A
cucumber,90.77,73.51,91.5,6.33,0.068,87.05,B
apple,78.47,85.34,76.22,25.8,0.237,71.1,A
orange,63.27,64.69,75.07,25.44,0.333,74.03,C
apple,57.87,77.12,66.64,33.08,0.435,66.84,C
orange,78.95,59.3,44.66,55.26,0.2,51.46,C
tomato,77.58,84.71,91.16,2.17,0.166,82.47,A
apple,96.67,76.82,35.97,53.8,0.0,53.61,C
carrot,71.87,82.46,71.01,35.28,0.247,72.43,B
banana,54.97,86.68,77.64,21.47,0.53,79.05,C
cucumber,100.0,79.29,55.57,44.85,0.0,63.67,C
tomato,86.33,74.53,91.8,15.15,0.208,85.81,B
banana,98.45,59.43,70.91,23.88,0.021,62.31,C
cucumber,100.0,79.96,82.62,15.99,0.004,81.32,B
apple,84.72,95.98,100.0,1.86,0.182,92.24,A
banana,92.1,92.39,79.39,25.93,0.103,91.89,A
tomato,82.34,77.73,81.37,1.04,0.196,61.31,B
tomato,84.78,87.73,57.4,38.33,0.221,70.15,C
banana,100.0,81.98,82.53,27.17,0.007,77.24,A
cucumber,77.47,65.62,71.91,23.64,0.272,68.94,C
carrot,73.76,80.73,79.57,24.13,0.212,74.94,B
tomato,71.81,65.0,83.1,19.68,0.205,75.2,C
carrot,89.03,86.49,86.11,5.46,0.126,84.79,A
cucumber,91.06,99.75,100.0,7.89,0.084,100.0,A
carrot,89.5,83.45,78.09,26.85,0.102,77.13,A
tomato,87.51,82.04,81.44,22.58,0.106,85.52,A
orange,83.68,67.18,99.08,0.0,0.08,77.9,C
carrot,78.78,78.71,70.61,33.11,0.229,76.24,B
banana,84.15,89.39,42.27,55.54,0.05,66.01,C
cucumber,93.68,96.25,79.24,17.75,0.087,85.11,A
orange,77.98,93.83,67.08,37.76,0.254,75.68,B
cucumber,88.48,83.22,63.8,31.04,0.088,76.23,B
cucumber,63.67,87.25,56.13,42.64,0.369,83.92,C
tomato,100.0,83.8,82.58,18.13,0.022,82.42,A
tomato,99.81,76.52,94.12,2.02,0.0,79.96,B
carrot,99.68,81.07,72.85,20.46,0.0,69.0,A
cucumber,64.31,84.72,97.1,19.75,0.328,98.09,C
apple,75.73,87.19,76.99,23.67,0.222,75.1,A
carrot,54.85,89.84,71.57,24.85,0.452,84.68,C
cucumber,68.16,96.72,100.0,2.97,0.367,100.0,B
carrot,94.95,89.37,85.57,17.54,0.0,90.97,A
carrot,66.08,97.64,89.44,19.48,0.326,87.78,B
banana,74.39,83.22,77.26,29.54,0.238,82.0,B
apple,84.75,82.04,64.0,34.58,0.143,71.67,B
tomato,100.0,80.82,72.1,15.32,0.0,75.14,A
carrot,98.73,80.02,96.62,3.76,0.015,87.87,A
orange,78.06,100.0,38.89,49.1,0.192,69.52,C
apple,85.1,77.39,92.3,13.88,0.158,89.66,B
orange,82.09,75.26,87.17,13.5,0.179,88.58,B
orange,56.73,67.76,70.19,28.28,0.357,64.05,C
tomato,65.09,100.0,100.0,0.0,0.331,94.25,B
tomato,76.25,70.03,74.64,15.76,0.199,73.08,B
tomato,83.49,87.01,54.87,50.26,0.125,74.11,C
apple,57.35,78.21,81.85,21.83,0.419,87.68,C
banana,93.11,78.92,88.0,23.6,0.167,77.32,B
carrot,100.0,69.3,54.84,42.24,0.021,61.56,C
orange,68.24,73.91,64.6,30.12,0.432,70.74,B
cucumber,70.66,79.77,64.58,19.51,0.224,63.12,B
apple,44.25,67.66,97.2,2.53,0.622,84.48,C
orange,64.49,88.29,87.66,8.88,0.383,90.8,C
tomato,69.76,68.53,57.05,43.47,0.319,58.83,C
apple,86.56,89.42,100.0,7.66,0.084,100.0,A
carrot,70.04,94.54,77.09,20.44,0.209,84.96,B
banana,92.51,100.0,63.25,38.56,0.039,78.48,B
orange,89.62,81.54,100.0,0.0,0.154,91.26,A
banana,71.29,81.41,74.15,20.83,0.32,81.03,B
orange,86.9,100.0,99.19,0.0,0.15,96.48,A
apple,69.0,100.0,81.82,16.87,0.37,80.06,B
orange,47.79,91.55,76.97,24.54,0.456,84.14,C
tomato,90.36,84.04,68.98,28.66,0.0,77.79,B
cucumber,90.68,63.09,65.42,27.64,0.045,64.52,C
tomato,39.81,89.37,88.06,10.43,0.478,83.73,C
apple,96.49,48.66,70.44,22.48,0.075,56.18,C
banana,86.48,100.0,72.75,29.5,0.061,92.33,A
orange,66.59,75.27,75.64,14.98,0.346,80.29,B
cucumber,54.17,80.51,87.87,0.86,0.405,88.58,C
orange,82.05,86.94,100.0,2.81,0.212,100.0,A
cucumber,66.03,87.13,83.02,13.82,0.288,96.63,B
carrot,82.9,73.21,90.65,8.69,0.158,84.75,B
orange,83.29,100.0,83.46,14.28,0.142,89.68,A
cucumber,74.19,77.47,90.66,0.0,0.301,82.17,B
banana,61.1,97.94,95.93,9.83,0.313,100.0,C
orange,84.07,62.74,75.61,26.58,0.187,70.06,C
orange,100.0,96.71,30.13,67.97,0.0,54.66,C
orange,79.41,96.99,58.61,43.4,0.16,74.44,C
cucumber,69.86,87.55,46.06,65.11,0.332,65.89,C
apple,86.63,65.08,94.92,3.14,0.123,77.54,C
banana,88.42,85.07,86.43,13.52,0.141,83.66,A
tomato,100.0,63.18,96.17,12.03,0.0,90.83,C
tomato,92.57,82.34,72.52,26.22,0.094,84.44,A
carrot,80.72,71.06,89.19,16.34,0.226,83.85,B
orange,64.07,71.58,49.83,51.59,0.355,58.51,C
banana,35.0,67.03,93.93,2.08,0.668,73.53,C
banana,75.84,85.48,100.0,9.1,0.226,89.77,A
banana,73.12,88.12,74.32,23.31,0.342,80.65,B
orange,79.36,100.0,81.72,24.06,0.17,86.59,A
cucumber,84.9,93.86,76.64,15.64,0.083,78.12,A
carrot,79.64,95.5,75.79,10.65,0.194,84.83,A
banana,100.0,64.51,69.75,40.49,0.022,69.95,C
orange,82.95,91.33,63.05,42.22,0.102,78.83,B
tomato,80.68,74.6,75.64,20.63,0.14,73.35,B
tomato,82.84,68.2,87.39,5.52,0.143,74.67,C
banana,97.88,85.96,72.61,30.38,0.0,79.07,A
banana,79.99,82.81,84.77,20.6,0.1,75.38,A
tomato,81.15,73.42,96.99,1.12,0.092,78.87,B
cucumber,74.49,79.74,69.21,37.26,0.315,73.62,B
orange,45.98,89.41,84.89,16.97,0.589,81.32,C
apple,63.61,90.99,49.0,45.42,0.44,68.69,C
orange,90.6,84.84,74.32,33.86,0.082,70.68,A
cucumber,86.27,86.75,50.93,44.73,0.108,67.01,C
orange,57.36,74.46,64.34,40.29,0.467,68.67,C
orange,80.1,72.2,57.65,36.71,0.167,59.11,C
cucumber,80.43,90.76,50.61,49.54,0.185,72.39,C
tomato,56.2,66.85,76.47,29.7,0.327,73.39,C
apple,95.84,80.16,84.8,10.98,0.036,74.38,A
tomato,92.14,70.18,68.71,22.97,0.008,68.58,B
orange,67.06,86.54,83.24,18.68,0.341,92.78,B
carrot,77.18,95.59,96.23,0.0,0.213,100.0,A
apple,85.62,84.34,72.52,25.18,0.158,77.17,A
banana,79.18,73.86,84.51,32.97,0.119,80.81,B
cucumber,66.6,88.93,76.74,27.83,0.393,83.8,B
orange,42.84,100.0,82.0,24.47,0.511,86.85,C
apple,80.19,81.8,80.53,25.98,0.11,86.03,A
orange,74.94,64.35,84.05,1.47,0.283,66.74,C
carrot,78.8,80.57,94.71,4.22,0.177,85.11,A
banana,86.04,77.37,72.22,18.38,0.159,66.0,B
apple,89.28,83.54,100.0,0.0,0.102,100.0,A
orange,67.56,84.69,76.03,25.66,0.289,79.91,B
banana,54.03,83.62,83.2,15.44,0.379,88.35,C
cucumber,67.11,78.63,51.99,41.86,0.302,71.45,C
orange,68.41,89.68,67.39,34.1,0.309,82.9,B
apple,54.41,65.42,67.49,25.02,0.476,64.12,C
tomato,100.0,61.15,79.26,13.97,0.0,70.91,C
carrot,81.55,100.0,68.74,32.81,0.236,83.55,B
carrot,69.29,54.69,86.26,13.07,0.257,71.11,C
orange,70.07,89.28,54.59,51.7,0.229,68.62,C
apple,100.0,95.53,77.56,16.8,0.0,86.91,A
cucumber,76.64,81.63,72.57,18.78,0.208,81.67,A
carrot,57.47,79.73,62.88,37.78,0.406,78.69,C
orange,58.32,90.05,63.61,32.93,0.432,74.37,C
tomato,91.39,72.71,66.1,29.96,0.058,74.9,B
cucumber,100.0,100.0,59.51,40.91,0.0,75.87,C
banana,68.55,69.31,59.17,39.96,0.254,68.45,C
tomato,100.0,76.58,77.15,15.08,0.085,82.47,B
tomato,82.45,65.84,79.37,13.9,0.249,76.65,C
cucumber,41.45,70.2,87.0,20.27,0.641,70.64,C
cucumber,82.52,94.19,49.47,50.49,0.188,70.32,C
carrot,73.11,78.07,73.63,22.99,0.247,75.65,B
orange,84.64,78.35,69.45,31.11,0.058,76.28,B
cucumber,78.6,93.53,44.75,43.4,0.228,69.11,C
carrot,80.55,76.45,86.63,18.97,0.219,80.24,B
orange,89.54,96.66,86.31,8.41,0.138,95.79,A
cucumber,100.0,71.49,72.38,32.11,0.003,66.35,B
cucumber,86.68,83.06,79.51,18.93,0.207,76.78,A
apple,69.19,82.13,90.06,0.95,0.243,75.91,B
carrot,61.23,77.39,86.58,9.57,0.399,80.49,C
cucumber,88.08,87.7,64.93,34.06,0.171,78.28,B
cucumber,87.83,68.98,98.6,7.54,0.136,84.58,C
apple,74.86,90.14,70.07,31.35,0.295,77.3,B
carrot,60.08,69.23,46.75,57.63,0.49,65.11,C
cucumber,53.61,90.7,98.75,0.0,0.469,84.69,C
cucumber,62.05,84.4,51.02,52.24,0.431,63.79,C
apple,60.95,56.13,71.74,24.77,0.313,66.2,C
banana,61.86,75.35,93.14,10.48,0.375,87.34,C
banana,60.59,82.39,78.36,18.82,0.416,76.47,C
cucumber,86.28,46.99,95.04,0.0,0.106,76.15,C
carrot,73.24,64.41,58.5,47.66,0.172,67.1,C
cucumber,60.11,75.0,59.72,45.47,0.435,58.77,C
banana,71.95,71.64,96.7,0.0,0.361,84.0,B
orange,67.84,72.38,55.61,44.96,0.26,53.09,C
carrot,72.3,60.37,63.97,30.58,0.233,72.17,C
carrot,81.68,60.68,65.54,35.76,0.132,67.65,C
banana,59.96,78.56,66.62,34.36,0.368,71.24,C
apple,66.98,87.82,79.81,19.65,0.309,87.8,B
carrot,74.46,78.32,77.68,32.5,0.188,81.85,B
apple,81.26,100.0,83.82,17.21,0.159,92.06,A
carrot,74.22,72.57,71.36,29.83,0.219,67.93,B
apple,83.86,88.54,79.71,26.08,0.166,86.09,A
orange,82.56,80.9,67.51,45.78,0.152,70.87,B
cucumber,81.78,65.14,93.96,5.47,0.127,85.5,C
orange,87.39,66.83,100.0,3.95,0.126,91.36,C
banana,77.58,74.08,85.31,17.55,0.225,75.74,B
orange,79.95,81.16,54.66,36.5,0.229,54.9,C
tomato,70.83,97.7,68.1,35.85,0.272,83.47,B
tomato,89.05,76.45,91.94,2.09,0.124,88.81,B
tomato,100.0,72.84,53.93,40.1,0.033,65.88,C
carrot,79.53,68.52,88.27,4.38,0.263,92.68,C
carrot,78.81,89.0,68.11,21.02,0.182,73.09,B
tomato,56.29,100.0,80.37,21.91,0.422,89.32,C
cucumber,77.51,88.37,72.86,25.08,0.155,70.73,A
tomato,74.08,82.68,55.42,44.37,0.262,58.27,C
banana,84.11,86.64,57.54,43.41,0.21,75.98,C
tomato,76.57,76.38,65.93,36.88,0.244,74.3,B
orange,90.28,83.14,88.56,16.67,0.057,76.8,A
carrot,100.0,85.08,48.57,47.15,0.039,65.43,C
carrot,99.01,69.43,63.23,38.04,0.029,68.81,C
orange,91.67,84.38,83.83,14.61,0.086,84.64,A
orange,89.59,88.66,76.71,18.44,0.108,82.54,A
carrot,80.9,100.0,67.62,34.91,0.244,84.3,B
orange,72.33,85.89,63.22,34.67,0.289,78.79,B
tomato,82.79,97.11,74.48,23.53,0.307,87.77,A
carrot,67.59,70.69,90.99,6.83,0.331,80.52,B
apple,88.97,71.84,58.79,42.55,0.14,66.98,C
cucumber,88.16,73.07,67.66,26.68,0.183,73.53,B
banana,87.07,96.97,100.0,0.0,0.092,95.4,A
tomato,61.84,78.4,56.53,45.48,0.384,69.87,C
carrot,85.62,89.24,70.03,42.7,0.156,70.32,A
orange,51.89,82.21,74.05,23.14,0.582,80.87,C
carrot,88.89,70.83,60.01,40.21,0.12,56.14,B
banana,78.21,79.42,62.99,33.78,0.209,71.66,B
carrot,87.07,94.97,71.29,25.97,0.151,86.18,A
tomato,89.86,93.76,96.67,14.0,0.058,95.28,A
tomato,78.17,80.82,65.61,25.47,0.223,69.38,B
carrot,66.09,68.8,79.75,21.16,0.368,85.21,C
carrot,82.16,87.82,58.76,33.52,0.258,68.67,C
apple,77.41,80.92,61.56,36.61,0.287,67.21,B
orange,57.09,93.31,83.88,12.4,0.35,84.87,C
apple,95.49,69.56,74.65,29.4,0.0,77.27,C
carrot,60.26,85.98,79.95,26.56,0.425,71.08,C
apple,80.07,79.66,83.64,21.09,0.23,80.58,B
banana,50.3,76.53,82.66,10.8,0.529,84.14,C
banana,35.0,66.66,100.0,0.0,0.551,89.51,C
carrot,78.2,95.26,80.43,22.32,0.236,91.33,A
tomato,92.57,63.04,83.15,23.7,0.134,70.96,C
orange,95.47,93.13,100.0,0.0,0.02,95.04,A
apple,64.65,48.85,69.04,33.17,0.329,68.62,C
apple,78.2,97.49,80.18,24.78,0.232,95.68,A
orange,85.44,86.4,71.39,31.04,0.257,77.54,A
carrot,84.29,97.09,94.24,5.83,0.038,98.25,A
orange,100.0,84.03,91.99,2.59,0.0,89.32,A
apple,77.5,76.1,77.35,39.25,0.267,81.98,B
apple,100.0,79.72,43.12,55.74,0.041,56.57,C
carrot,75.35,73.7,100.0,4.5,0.279,89.96,B
carrot,80.96,67.78,41.02,59.88,0.207,60.44,C
tomato,100.0,100.0,60.03,37.85,0.024,92.68,B
apple,94.79,77.35,61.87,42.86,0.0,68.42,B
orange,76.28,100.0,70.32,15.04,0.262,81.67,A
cucumber,76.7,78.72,88.65,2.16,0.207,87.1,B
tomato,68.79,62.69,86.7,20.04,0.31,64.89,C
apple,53.1,85.71,61.8,31.24,0.447,72.84,C
carrot,68.34,89.06,68.86,37.02,0.331,75.48,B
cucumber,86.64,71.61,49.64,52.1,0.116,48.76,C
tomato,69.96,71.19,100.0,0.0,0.228,91.14,B
cucumber,66.83,74.41,85.86,0.18,0.239,78.73,B
tomato,100.0,76.77,77.61,29.19,0.105,74.31,B
cucumber,100.0,63.73,92.44,1.45,0.005,76.87,C
cucumber,63.63,70.2,80.42,25.55,0.357,75.66,C
cucumber,63.43,90.88,89.11,26.51,0.347,87.7,C
apple,89.53,91.83,67.44,30.14,0.132,75.5,B
cucumber,79.34,93.95,66.33,22.62,0.111,73.84,B
tomato,58.3,80.14,56.98,38.81,0.378,66.36,C
cucumber,87.93,82.19,68.62,28.78,0.137,78.33,B
apple,64.39,82.44,43.49,57.78,0.394,61.57,C
orange,64.78,84.61,75.43,23.97,0.346,80.55,C
orange,90.72,98.53,75.96,28.93,0.058,91.08,A
banana,94.36,100.0,74.05,12.8,0.029,93.18,A
apple,86.3,84.99,92.14,10.77,0.198,93.16,A
carrot,83.38,92.86,71.09,25.31,0.252,83.06,A
apple,90.07,83.48,66.62,33.45,0.171,77.83,B
cucumber,74.77,100.0,72.58,16.62,0.347,89.7,B
orange,76.95,77.54,93.32,3.43,0.288,88.14,B
carrot,80.18,79.9,92.73,2.08,0.117,89.39,B
tomato,87.47,87.76,82.52,15.55,0.165,84.92,A
apple,73.32,100.0,48.24,54.76,0.183,73.58,C
tomato,71.5,56.98,82.22,15.5,0.18,73.8,C
orange,100.0,86.31,76.74,31.23,0.084,87.19,A
orange,63.88,84.42,83.03,6.11,0.385,95.09,C
apple,100.0,84.19,74.83,27.46,0.0,74.69,A
banana,96.99,98.47,60.14,45.67,0.026,81.0,B
orange,92.92,82.99,98.56,3.29,0.102,86.61,A
banana,100.0,87.64,87.41,2.94,0.0,93.71,A
tomato,49.29,94.46,67.3,41.17,0.503,81.9,C
tomato,95.68,71.23,60.11,38.71,0.085,59.02,B
tomato,90.36,74.76,69.72,19.13,0.062,72.21,B
banana,91.96,72.75,100.0,0.0,0.046,94.06,B
apple,69.72,80.14,97.65,11.15,0.262,88.68,B
cucumber,79.35,70.17,75.11,24.92,0.263,78.67,B
apple,74.79,89.97,66.64,36.89,0.248,73.46,B
carrot,63.65,99.36,73.5,36.34,0.338,87.89,C
orange,62.14,59.23,96.59,0.0,0.378,74.98,C
tomato,82.02,70.59,73.12,29.58,0.129,68.36,B
banana,56.57,76.93,77.9,19.7,0.421,77.32,C
apple,68.16,90.29,98.98,0.0,0.343,93.44,B
cucumber,100.0,88.1,47.63,55.1,0.062,66.76,C
orange,92.93,73.72,52.23,48.62,0.0,61.78,C
banana,49.35,66.65,59.49,40.13,0.488,70.06,C
cucumber,92.32,87.94,78.33,24.03,0.034,87.42,A
banana,90.53,96.23,79.37,19.57,0.115,73.5,A
cucumber,82.53,80.64,75.19,29.05,0.171,72.21,A
cucumber,79.01,83.38,78.59,27.65,0.156,81.86,A
tomato,97.35,61.18,78.87,17.61,0.008,65.51,C
tomato,100.0,66.83,57.29,34.9,0.086,59.74,C
cucumber,77.62,77.17,60.89,37.7,0.347,75.99,B
apple,87.71,72.02,47.58,58.54,0.181,65.03,C
cucumber,70.95,80.0,88.0,14.35,0.271,75.9,B
banana,94.19,67.63,86.22,15.77,0.096,81.28,C
cucumber,67.58,62.6,67.46,37.87,0.297,61.56,C
carrot,100.0,91.91,88.32,17.49,0.029,88.89,A
cucumber,75.54,76.87,100.0,3.34,0.221,90.76,B
tomato,100.0,74.07,84.02,22.38,0.019,79.51,B
banana,78.16,81.32,66.77,30.53,0.292,73.51,B
orange,70.26,95.2,86.81,16.55,0.285,93.87,B
banana,68.35,78.88,91.52,13.73,0.267,80.92,B
apple,100.0,59.01,80.45,11.29,0.0,67.91,C
banana,71.69,75.59,76.12,20.67,0.21,79.75,B
banana,90.65,63.51,80.78,23.27,0.042,72.19,C
tomato,76.26,100.0,100.0,0.0,0.362,95.42,A
orange,92.56,70.05,83.89,15.46,0.102,78.13,B
tomato,95.95,82.9,73.31,33.26,0.07,81.77,A
cucumber,62.32,75.19,66.07,38.65,0.426,69.85,C
orange,99.46,98.42,79.89,15.17,0.084,88.85,A
apple,72.91,71.32,52.5,51.3,0.232,77.21,C
carrot,61.71,66.91,84.16,25.01,0.386,78.4,C
tomato,67.84,69.12,45.68,55.02,0.209,50.79,C
apple,69.94,72.02,82.34,19.49,0.345,80.95,B
orange,77.97,85.64,84.18,16.67,0.2,83.25,A
carrot,65.74,87.06,74.5,21.53,0.31,74.73,B
cucumber,79.18,71.65,88.94,7.7,0.138,85.4,B
banana,69.94,77.09,76.66,30.2,0.302,70.88,B
cucumber,70.73,100.0,75.98,10.61,0.311,97.71,B
banana,100.0,100.0,59.68,45.79,0.0,80.96,C
cucumber,68.33,73.89,90.38,14.43,0.331,75.38,B
tomato,73.33,73.05,89.91,17.15,0.32,77.7,B
banana,51.5,99.06,69.58,25.92,0.567,90.65,C
orange,78.37,78.48,73.89,27.48,0.296,78.3,B
carrot,95.54,67.96,88.08,10.15,0.0,67.38,C
cucumber,62.73,88.37,77.82,23.29,0.47,76.75,C
tomato,82.57,73.16,76.45,13.95,0.245,71.4,B
carrot,100.0,81.61,92.45,7.23,0.0,84.11,A
carrot,82.77,72.59,74.0,22.34,0.287,72.85,B
orange,100.0,79.65,80.15,11.92,0.0,80.95,B
banana,81.33,98.6,86.25,23.51,0.184,100.0,A
cucumber,70.72,72.8,56.64,57.35,0.334,63.05,C
orange,88.32,100.0,51.23,47.17,0.094,65.75,C
carrot,93.9,78.76,87.83,26.32,0.043,81.19,B
carrot,92.81,75.2,65.9,40.44,0.091,60.33,B
orange,59.62,100.0,82.43,13.0,0.395,91.28,C
orange,57.63,71.91,80.37,19.03,0.452,69.99,C
cucumber,83.36,95.1,83.79,17.05,0.162,85.27,A
cucumber,96.9,80.57,61.76,35.28,0.041,69.3,B
banana,85.28,88.27,90.22,18.32,0.197,84.58,A
cucumber,76.86,76.59,57.79,39.56,0.208,63.83,C
apple,73.26,96.14,79.19,35.64,0.276,86.21,B
tomato,81.85,87.22,100.0,0.0,0.224,94.65,A
banana,54.43,91.25,96.28,0.0,0.455,85.14,C
tomato,93.72,76.4,58.26,43.12,0.037,64.98,C
apple,89.09,68.06,61.51,39.41,0.158,70.98,C
carrot,92.06,72.59,100.0,0.0,0.146,83.01,B
carrot,100.0,89.1,59.74,37.12,0.039,79.68,C
apple,78.67,91.1,78.11,14.13,0.173,85.78,A
cucumber,96.23,100.0,88.47,13.25,0.075,90.9,A
apple,65.64,67.02,81.34,19.78,0.378,76.91,C
cucumber,81.64,88.68,75.32,27.16,0.147,83.85,A
orange,67.95,82.62,66.02,30.82,0.264,80.65,B
carrot,93.99,88.45,100.0,0.0,0.212,93.09,A
banana,72.03,86.47,89.37,9.95,0.369,89.11,B
banana,82.06,71.09,82.7,16.5,0.149,73.01,B
apple,74.05,64.52,64.83,34.86,0.287,67.45,C
apple,88.15,74.26,81.45,13.3,0.088,73.27,B
apple,93.96,90.26,91.63,8.61,0.099,82.14,A
carrot,90.95,84.13,86.03,16.25,0.041,77.59,A
banana,86.47,90.28,54.11,40.0,0.099,70.41,C
orange,57.57,64.94,62.85,37.67,0.365,63.31,C
orange,58.47,79.52,92.4,5.09,0.387,91.78,C
apple,73.41,95.25,82.86,15.08,0.29,90.66,B
apple,69.77,82.49,75.02,29.21,0.251,83.84,B
tomato,84.99,66.2,95.33,18.07,0.2,87.9,C
carrot,53.08,59.87,80.08,16.37,0.423,69.66,C
carrot,87.23,64.57,68.82,40.24,0.074,71.04,C
orange,86.19,95.17,87.86,17.59,0.081,97.08,A
cucumber,65.21,85.11,80.13,22.78,0.365,78.4,B
cucumber,91.09,84.23,94.39,5.34,0.019,94.14,A
cucumber,72.44,86.1,65.64,44.23,0.232,74.19,B
orange,61.62,85.97,100.0,0.0,0.404,79.24,C
orange,77.42,78.24,62.9,43.58,0.21,69.69,B
apple,49.25,68.42,91.38,0.0,0.469,77.9,C
orange,100.0,91.22,67.09,40.74,0.0,84.2,B
cucumber,94.1,77.13,59.54,39.15,0.073,65.86,C
cucumber,86.31,75.0,85.93,16.73,0.134,78.26,B
apple,86.25,100.0,91.03,14.83,0.292,98.1,A
apple,85.27,90.45,59.86,37.48,0.122,78.39,C
banana,80.07,95.05,89.81,9.22,0.166,98.11,A
tomato,89.61,62.72,70.99,30.0,0.143,71.41,C
cucumber,86.78,82.77,65.22,33.21,0.133,73.82,B
cucumber,49.72,77.23,76.9,21.41,0.49,79.5,C
banana,53.58,77.82,88.23,21.9,0.503,75.68,C
carrot,74.51,85.08,78.84,24.39,0.209,82.29,B
orange,90.39,72.33,70.48,13.3,0.065,68.78,B
apple,62.71,83.99,75.1,11.34,0.384,74.9,C
apple,58.77,82.36,71.47,30.35,0.419,75.64,C
cucumber,54.96,64.27,66.66,33.29,0.42,68.59,C
carrot,63.52,78.66,79.61,22.34,0.459,75.79,C
tomato,76.9,87.11,75.63,21.37,0.154,78.82,A
banana,52.1,72.45,59.25,44.26,0.509,61.33,C
tomato,74.1,59.7,68.09,34.3,0.3,60.33,C
carrot,55.26,67.03,87.35,22.67,0.472,76.99,C
tomato,45.07,57.73,78.07,19.78,0.494,68.23,C
tomato,92.17,83.64,95.65,4.39,0.073,94.97,A
cucumber,63.32,100.0,82.0,20.28,0.393,100.0,C
carrot,53.92,98.84,70.55,30.1,0.397,87.32,C
carrot,68.23,83.2,71.45,40.1,0.417,77.56,B
cucumber,72.4,95.27,70.74,26.73,0.325,80.31,B
carrot,77.43,63.02,87.27,24.38,0.262,82.45,C
cucumber,81.54,70.68,72.36,32.28,0.19,64.46,B
tomato,58.27,65.43,83.86,28.52,0.485,65.16,C
orange,92.05,63.46,71.15,35.42,0.107,60.76,C
orange,87.16,56.35,72.43,34.39,0.129,61.9,C
banana,92.62,97.72,89.99,16.5,0.11,95.18,A
apple,79.34,79.15,56.6,37.67,0.192,69.08,C
carrot,77.37,94.04,93.27,5.34,0.256,92.44,A
tomato,97.83,89.63,56.95,44.02,0.104,72.39,C
banana,86.19,69.56,84.17,7.47,0.107,82.24,C
tomato,83.35,78.35,83.14,16.5,0.167,84.03,B
orange,78.61,78.25,50.63,43.85,0.292,66.37,C
tomato,58.15,63.52,74.21,35.16,0.409,75.4,C
apple,85.07,65.97,91.0,6.99,0.192,74.42,C
banana,80.66,86.22,73.54,28.89,0.18,76.63,A
apple,93.73,72.87,85.1,10.45,0.003,84.15,B
cucumber,52.44,93.12,71.96,26.77,0.496,85.45,C
banana,88.77,83.36,55.9,43.08,0.181,78.01,C
cucumber,88.76,67.72,83.85,21.26,0.149,79.71,C
apple,76.91,74.7,45.63,56.4,0.24,62.95,C
orange,57.94,89.74,100.0,0.47,0.418,96.42,C
tomato,62.65,84.44,63.21,33.51,0.371,80.56,C
carrot,100.0,87.38,69.97,44.98,0.0,75.82,B
tomato,98.94,93.62,100.0,0.0,0.083,97.16,A
banana,90.09,62.23,99.49,5.23,0.097,84.08,C
banana,69.31,76.44,46.36,58.81,0.366,57.89,C
banana,83.22,78.81,81.25,14.98,0.124,85.29,B
carrot,100.0,82.56,61.18,46.18,0.032,75.5,B
carrot,95.86,74.17,73.96,25.01,0.0,72.75,B
carrot,81.56,65.85,51.11,58.88,0.18,55.24,C
tomato,73.89,64.27,98.77,0.0,0.329,81.78,C
carrot,81.85,92.24,87.51,16.23,0.199,88.71,A
orange,100.0,71.12,76.07,24.02,0.02,71.45,B
apple,75.47,63.02,76.15,17.24,0.159,70.27,C
banana,85.32,88.32,85.07,3.33,0.079,96.57,A
banana,87.16,73.76,77.27,18.93,0.156,76.2,B
tomato,71.28,69.4,80.28,12.44,0.309,87.97,C
carrot,88.78,80.97,44.98,47.09,0.176,59.03,C
cucumber,67.51,80.01,59.01,33.63,0.322,65.05,C
carrot,66.28,88.27,72.29,26.64,0.367,79.57,B
apple,73.83,87.65,86.69,12.43,0.266,83.26,B
banana,89.54,87.34,83.28,18.4,0.107,88.79,A
banana,92.03,92.93,74.39,33.93,0.091,86.82,A
tomato,81.71,73.17,87.22,29.85,0.164,80.55,B
carrot,71.31,76.14,100.0,0.0,0.263,80.13,B
orange,52.37,89.58,100.0,0.0,0.393,99.29,C
orange,67.1,97.59,71.49,24.72,0.32,88.33,B
cucumber,70.55,79.61,55.65,46.73,0.205,65.41,C
tomato,89.39,85.64,85.45,14.16,0.165,90.16,A
carrot,91.91,91.01,68.97,22.97,0.102,82.72,B
carrot,94.36,70.76,61.5,41.26,0.053,56.7,B
tomato,50.21,70.66,97.63,13.32,0.437,82.49,C
tomato,78.64,100.0,68.11,29.02,0.291,82.18,B
carrot,55.84,79.95,49.45,44.22,0.484,64.45,C
carrot,73.21,73.02,72.47,29.34,0.317,59.62,B
banana,80.39,80.81,82.45,19.15,0.181,79.0,A
apple,74.32,95.78,64.29,35.34,0.266,87.84,B
cucumber,92.38,96.78,74.98,23.76,0.06,84.6,A
banana,90.81,84.77,79.76,13.48,0.043,92.99,A
orange,66.38,99.17,80.51,22.96,0.329,88.25,B
tomato,75.46,65.41,74.59,27.18,0.338,70.43,C
tomato,76.59,100.0,89.86,5.27,0.264,91.22,A
orange,57.69,77.82,77.46,11.3,0.366,77.69,C
banana,83.92,67.42,87.43,5.47,0.243,68.85,C
apple,61.61,87.01,100.0,1.89,0.412,93.59,C
carrot,70.65,67.46,55.54,46.87,0.237,63.1,C
orange,58.47,85.56,68.18,40.26,0.431,83.05,C
apple,78.84,70.23,69.38,29.05,0.175,63.73,B
tomato,56.8,53.92,59.1,44.67,0.352,49.67,C
orange,68.45,85.85,86.28,17.7,0.239,84.91,B
orange,53.73,100.0,50.48,43.23,0.411,67.76,C
orange,100.0,76.29,54.87,31.71,0.0,64.0,C
banana,68.23,84.66,82.32,19.62,0.302,77.98,B
cucumber,78.19,92.66,88.64,2.83,0.146,86.87,A
cucumber,62.16,91.06,81.62,24.97,0.398,87.39,C
tomato,85.05,82.82,99.69,1.0,0.134,87.06,A
carrot,88.55,96.84,75.19,32.66,0.016,85.74,A
apple,67.1,100.0,74.94,22.61,0.33,77.46,B
banana,66.6,93.8,65.94,29.09,0.399,86.57,B
banana,71.17,79.13,63.13,30.9,0.236,68.04,B
orange,62.48,63.24,79.51,21.9,0.46,68.03,C
banana,82.69,78.95,87.91,16.74,0.189,82.15,B
banana,72.64,65.59,63.11,33.16,0.217,66.55,C
carrot,64.38,85.4,59.45,38.72,0.322,75.44,C
banana,67.82,94.14,72.07,24.03,0.259,84.37,B
banana,82.1,100.0,98.88,0.0,0.163,100.0,A
cucumber,65.43,96.0,81.79,19.75,0.38,97.5,B
orange,76.3,100.0,91.48,6.59,0.237,96.72,A
cucumber,83.43,65.72,51.32,43.36,0.117,55.3,C
carrot,75.47,84.36,56.41,40.82,0.275,73.36,C
apple,67.13,83.94,100.0,0.0,0.294,91.1,B
cucumber,75.73,81.62,52.9,41.32,0.235,66.44,C
apple,69.51,79.88,76.98,28.36,0.3,80.42,B
carrot,86.58,86.51,89.85,14.43,0.164,87.69,A
cucumber,81.67,94.76,65.57,30.66,0.192,82.24,B
orange,76.88,80.87,40.56,58.13,0.223,59.91,C
apple,99.24,67.41,62.81,21.52,0.0,63.13,C
cucumber,94.62,92.33,77.25,20.53,0.105,84.69,A
banana,65.73,61.41,68.94,35.59,0.457,65.48,C
apple,60.23,88.62,47.77,55.54,0.439,70.38,C
apple,74.71,88.78,78.74,16.6,0.345,82.0,B
carrot,41.72,97.32,99.5,0.68,0.611,100.0,C
cucumber,68.36,88.57,63.06,33.29,0.373,80.69,B
cucumber,67.0,74.25,87.72,6.28,0.348,84.72,B
orange,76.68,94.12,71.13,27.59,0.184,87.71,A
banana,83.25,81.14,59.16,37.19,0.237,71.16,C
orange,62.86,85.66,73.66,47.06,0.386,77.76,C
carrot,50.38,83.13,100.0,0.0,0.409,89.59,C
apple,99.82,86.51,62.58,33.31,0.0,76.35,B
orange,93.79,87.47,54.69,37.34,0.089,64.36,C
tomato,74.62,85.65,57.8,36.06,0.249,74.24,C
carrot,87.11,82.88,64.06,29.51,0.103,75.52,B
apple,83.05,56.8,63.43,43.8,0.173,53.03,C
cucumber,77.57,86.61,82.39,15.4,0.188,95.11,A
tomato,93.05,91.86,85.22,8.76,0.133,84.33,A
tomato,53.41,57.51,81.09,14.05,0.366,72.0,C
carrot,100.0,98.67,71.88,28.17,0.044,90.89,A
orange,78.51,85.61,84.86,14.34,0.209,92.13,A
apple,96.14,87.73,100.0,0.0,0.12,96.58,A
cucumber,60.11,73.73,82.7,19.68,0.496,74.87,C
carrot,91.57,95.95,87.27,6.96,0.155,97.76,A
apple,81.07,84.71,74.74,29.1,0.191,75.48,A
cucumber,62.27,72.98,79.55,20.28,0.388,78.77,C
banana,99.98,78.79,69.07,33.83,0.0,69.97,B
orange,92.72,61.15,93.88,15.19,0.054,78.98,C
orange,71.0,92.41,65.26,31.87,0.25,80.55,B
carrot,95.37,79.79,55.66,37.84,0.066,76.95,C
banana,72.2,91.19,72.17,25.56,0.23,88.72,B
cucumber,39.91,91.57,68.58,28.96,0.685,76.51,C
banana,76.04,86.97,68.93,21.63,0.196,84.35,B
cucumber,79.12,87.41,71.82,24.23,0.293,78.67,A
banana,94.44,73.33,66.48,33.58,0.056,71.21,B
orange,100.0,86.03,37.95,64.01,0.002,62.21,C
apple,77.57,81.37,85.81,10.94,0.177,98.71,A
orange,67.26,83.2,52.07,48.63,0.281,65.42,C
banana,85.08,88.82,47.66,63.36,0.09,75.88,C
carrot,93.32,88.93,62.32,38.59,0.043,75.77,B
orange,47.42,95.46,74.7,22.39,0.498,86.87,C
carrot,64.59,54.94,82.51,20.6,0.344,62.99,C
apple,56.03,69.67,63.99,41.07,0.422,64.59,C
orange,100.0,86.23,81.42,16.36,0.0,72.89,A
banana,84.72,79.85,73.8,30.61,0.075,73.88,B
orange,60.96,100.0,90.01,0.0,0.315,94.34,C
carrot,58.13,100.0,81.0,21.85,0.384,94.11,C
apple,72.29,78.6,85.78,4.45,0.357,83.1,B
tomato,61.87,70.92,57.41,44.09,0.385,61.84,C
tomato,62.79,66.8,75.22,21.98,0.338,78.75,C
carrot,97.05,75.6,79.92,19.75,0.0,84.9,B
cucumber,75.97,90.96,63.97,35.04,0.197,83.64,B
tomato,83.51,98.3,94.5,10.09,0.094,92.92,A
cucumber,62.94,90.73,78.73,12.93,0.361,77.26,C
cucumber,53.17,88.35,82.05,29.4,0.511,83.08,C
apple,90.27,65.23,60.6,41.4,0.0,62.73,C
carrot,79.52,69.07,82.79,17.33,0.275,75.96,C
orange,66.47,79.04,54.49,47.94,0.365,79.11,C
banana,73.98,75.09,79.39,22.9,0.258,82.67,B
tomato,68.75,93.83,84.62,15.31,0.297,100.0,B
orange,82.47,73.0,100.0,5.32,0.141,89.06,B
tomato,81.87,75.8,88.13,14.21,0.192,81.76,B
orange,81.44,82.71,65.74,44.42,0.133,76.36,B
tomato,73.2,100.0,61.54,34.04,0.22,82.39,B
cucumber,70.82,56.17,79.85,17.15,0.217,73.44,C
carrot,58.38,91.56,64.78,44.83,0.454,73.13,C
tomato,87.08,78.85,73.29,34.34,0.092,76.53,B
tomato,92.32,91.71,73.45,24.82,0.0,77.3,A
banana,75.93,82.9,92.63,0.25,0.229,88.71,A
apple,67.44,99.18,90.54,11.2,0.415,87.36,B
apple,83.5,71.03,80.81,12.55,0.2,81.21,B
carrot,82.09,59.77,60.53,42.86,0.18,46.68,C
orange,80.05,72.17,91.92,4.02,0.165,83.84,B
tomato,100.0,100.0,81.76,21.02,0.04,84.59,A
orange,73.4,89.73,64.25,37.66,0.255,79.5,B
tomato,79.77,45.12,78.86,24.99,0.225,61.48,C
carrot,82.67,87.25,92.71,9.46,0.128,77.79,A
banana,70.84,91.13,70.35,34.46,0.299,87.18,B
cucumber,85.01,88.07,100.0,0.0,0.127,98.28,A
tomato,100.0,84.88,71.32,33.23,0.043,76.3,A
cucumber,95.71,100.0,87.88,12.38,0.04,96.73,A
banana,76.26,84.28,59.07,48.71,0.18,69.51,C
banana,100.0,76.93,65.34,31.35,0.083,57.07,B
cucumber,62.96,100.0,85.45,7.91,0.368,93.06,C
banana,100.0,86.66,67.36,37.36,0.0,71.85,B
banana,51.6,63.22,61.66,31.28,0.5,56.44,C
tomato,62.34,76.34,66.31,42.8,0.346,75.73,C
cucumber,77.72,81.49,62.63,37.01,0.185,72.91,B
cucumber,63.83,93.9,82.83,14.48,0.369,87.95,C
carrot,64.99,82.85,66.06,28.27,0.269,72.66,C
cucumber,67.58,100.0,90.17,17.66,0.364,100.0,B
orange,66.19,51.27,68.86,34.49,0.346,61.44,C
orange,83.73,91.59,60.97,32.46,0.243,76.78,B
apple,68.65,74.54,65.61,30.13,0.249,62.58,B
tomato,69.11,95.29,80.69,20.9,0.272,87.38,B
orange,83.42,90.59,74.5,31.98,0.166,86.51,A
cucumber,50.81,85.22,87.61,15.85,0.513,84.67,C
apple,65.9,88.62,82.82,13.81,0.396,81.31,B
carrot,100.0,92.42,70.27,31.45,0.008,67.62,A
apple,64.4,81.39,70.29,31.19,0.412,74.23,C
banana,82.87,78.08,73.5,24.75,0.283,64.59,B
cucumber,72.17,81.96,63.5,41.9,0.319,72.49,B
apple,76.32,80.74,74.75,24.13,0.249,81.51,A
cucumber,59.55,69.39,48.02,57.17,0.417,61.23,C
banana,100.0,74.69,78.69,26.44,0.0,73.96,B
carrot,80.69,100.0,80.82,28.82,0.253,92.25,A
orange,93.9,64.02,100.0,1.2,0.0,80.31,C
cucumber,87.81,79.16,87.44,7.46,0.057,82.94,B
orange,72.77,96.73,62.4,39.48,0.276,71.78,B
banana,58.21,82.14,100.0,3.48,0.332,75.52,C
tomato,76.56,95.7,61.91,40.19,0.277,76.56,B
orange,71.61,82.3,84.68,15.23,0.333,81.18,B
banana,100.0,74.74,66.9,32.7,0.003,68.89,B
cucumber,77.74,81.52,78.8,7.06,0.317,79.42,A
banana,57.33,76.35,65.24,43.58,0.397,74.59,C
cucumber,68.24,76.57,72.07,35.63,0.223,67.74,B
banana,61.69,72.26,50.17,45.43,0.282,56.12,C
tomato,96.01,86.84,79.0,14.98,0.0,77.23,A
apple,91.02,92.83,86.09,9.48,0.091,87.85,A
carrot,74.98,100.0,47.81,50.78,0.311,66.57,C
carrot,70.06,79.32,50.46,53.11,0.333,67.43,C
tomato,64.94,83.04,61.61,36.4,0.458,72.8,C
orange,80.71,65.78,56.82,36.94,0.171,65.98,C
orange,86.68,88.28,58.42,38.33,0.147,70.2,C
apple,84.62,77.81,79.62,29.94,0.145,84.61,B
carrot,86.39,64.39,58.37,36.63,0.093,60.93,C
tomato,96.83,85.7,68.87,18.64,0.035,77.41,B
apple,80.74,100.0,95.85,8.86,0.144,95.36,A
apple,66.37,88.01,81.71,11.76,0.396,85.37,B
cucumber,52.06,81.38,80.5,25.34,0.462,85.08,C
tomato,58.27,65.02,93.96,13.21,0.433,86.97,C
apple,93.85,90.2,61.42,48.97,0.088,73.88,B
cucumber,81.85,61.95,87.19,7.08,0.2,71.96,C
banana,74.03,72.92,73.42,37.92,0.329,74.94,B
cucumber,90.66,95.56,62.72,36.81,0.002,84.76,B
tomato,100.0,82.96,42.0,61.65,0.0,59.16,C
tomato,81.82,76.14,65.61,35.15,0.161,65.33,B
apple,73.01,86.08,73.15,18.37,0.319,65.92,B
cucumber,68.7,83.78,84.99,21.77,0.277,87.32,B
cucumber,80.94,61.46,100.0,0.0,0.212,82.68,C
cucumber,70.58,91.93,51.03,48.57,0.266,68.09,C
cucumber,84.43,94.93,70.51,34.18,0.158,78.26,A
banana,73.51,73.64,82.86,18.55,0.185,69.99,B
tomato,84.37,72.22,80.83,23.85,0.093,69.47,B
orange,77.99,86.22,69.29,25.1,0.195,71.8,B
carrot,91.25,72.68,93.5,4.1,0.035,80.96,B
tomato,76.19,79.96,89.2,0.0,0.296,88.68,B
orange,96.78,81.37,92.22,0.0,0.068,82.94,A
orange,61.14,82.07,62.81,39.45,0.298,61.8,C
carrot,98.59,92.85,59.21,40.77,0.065,78.12,C
banana,94.43,73.23,76.5,23.39,0.042,72.92,B
carrot,79.09,82.41,59.23,45.59,0.16,69.73,C
cucumber,83.37,56.57,90.25,5.68,0.227,71.02,C
orange,77.27,100.0,71.56,35.87,0.229,87.86,A
banana,90.72,73.77,60.26,35.91,0.098,65.91,B
carrot,88.65,97.66,60.39,35.21,0.042,89.17,B
orange,85.2,65.92,75.98,27.07,0.135,76.33,C
orange,100.0,70.64,59.65,35.09,0.08,70.35,C
apple,78.55,72.2,90.24,7.48,0.202,84.26,B
cucumber,75.18,79.18,76.17,28.6,0.331,80.6,B
cucumber,75.0,73.51,86.46,14.56,0.179,78.34,B
tomato,76.76,75.87,99.71,3.17,0.301,89.11,B
banana,63.95,82.14,76.21,15.59,0.334,77.56,C
banana,84.2,87.54,66.7,36.11,0.149,62.77,B
apple,94.18,61.82,77.8,31.71,0.02,69.82,C
carrot,58.44,100.0,74.67,25.61,0.483,90.64,C
banana,68.29,87.94,66.01,21.28,0.314,69.58,B
cucumber,100.0,84.12,61.52,34.29,0.0,67.32,B
tomato,100.0,90.72,74.53,22.88,0.0,92.92,A
apple,75.17,100.0,98.3,0.0,0.215,95.8,A
apple,77.1,100.0,58.76,42.61,0.26,79.37,C
carrot,79.65,69.46,77.7,25.36,0.22,76.43,C
banana,92.05,82.86,57.25,39.15,0.068,71.32,C
banana,70.83,70.77,56.99,33.1,0.28,56.53,C
banana,72.09,65.97,82.08,22.37,0.252,71.84,C
tomato,86.06,73.43,63.48,43.7,0.184,71.46,B
apple,48.34,98.25,82.27,23.79,0.536,90.5,C
cucumber,73.87,86.41,71.01,34.2,0.182,76.0,B
tomato,68.61,79.14,61.88,40.14,0.277,69.58,B
tomato,90.73,73.61,88.62,16.32,0.145,81.82,B
orange,74.54,94.65,81.2,13.55,0.25,95.06,B
banana,100.0,99.74,88.56,3.9,0.024,87.94,A
banana,81.59,88.28,90.45,12.53,0.211,84.44,A
banana,76.43,63.91,43.95,60.5,0.198,58.29,C
banana,68.71,89.08,65.42,23.5,0.319,74.9,B
orange,71.4,100.0,51.59,50.71,0.236,80.33,C
banana,83.69,70.66,63.75,41.81,0.252,69.61,B
apple,64.54,86.07,100.0,0.61,0.428,89.33,C
apple,87.29,86.77,63.74,31.41,0.176,81.21,B
cucumber,100.0,100.0,78.15,19.98,0.068,92.64,A
carrot,62.5,87.9,73.16,26.68,0.429,84.33,C
cucumber,97.95,58.82,80.05,24.11,0.0,66.16,C
tomato,78.33,100.0,100.0,0.0,0.243,100.0,A
apple,83.81,86.79,80.86,29.27,0.217,78.52,A
apple,91.39,85.78,94.1,7.03,0.096,90.55,A
apple,47.73,81.04,65.31,27.57,0.594,75.69,C
apple,69.53,85.55,91.86,3.18,0.304,93.05,B
cucumber,48.96,81.31,69.13,30.07,0.485,75.91,C
carrot,73.14,85.5,100.0,0.0,0.359,92.78,B
cucumber,100.0,91.0,80.91,18.69,0.0,86.34,A
apple,77.8,78.2,71.99,33.97,0.283,71.76,B
tomato,67.97,86.55,100.0,6.88,0.258,91.96,B
banana,73.99,100.0,53.24,37.05,0.219,78.06,C
orange,87.31,87.25,94.81,0.0,0.186,89.47,A
tomato,58.15,82.06,79.78,27.15,0.339,81.07,C
apple,61.72,88.07,88.44,19.29,0.356,92.89,C
orange,53.35,89.35,91.34,7.11,0.406,95.06,C
banana,60.01,79.86,75.36,28.94,0.369,74.19,C
apple,93.1,100.0,51.88,50.01,0.015,81.03,C
carrot,63.92,73.9,66.57,32.97,0.377,72.66,C
cucumber,58.05,90.73,75.15,31.82,0.384,74.93,C
tomato,77.49,97.55,78.58,20.23,0.182,96.85,A
orange,67.12,88.84,46.3,61.34,0.36,72.07,C
banana,86.37,80.07,58.99,40.17,0.088,71.96,C
cucumber,100.0,86.46,90.79,7.42,0.0,91.0,A
tomato,72.2,85.23,59.02,35.69,0.31,76.56,C
carrot,88.06,75.61,76.26,32.24,0.16,79.91,B
orange,100.0,73.55,60.23,35.44,0.0,55.12,B
apple,69.83,91.41,81.64,14.76,0.331,90.14,B
apple,66.47,76.08,40.39,53.06,0.298,58.61,C
carrot,70.3,67.3,78.74,23.82,0.317,73.08,C
carrot,54.88,74.56,69.48,28.1,0.455,79.15,C
cucumber,63.19,90.14,86.24,8.92,0.411,87.39,C
orange,56.85,87.46,79.47,19.16,0.43,79.87,C
carrot,77.35,84.0,81.71,11.36,0.182,71.81,A
banana,86.47,67.45,78.12,24.1,0.165,66.77,C
carrot,100.0,100.0,91.8,10.23,0.0,99.49,A
apple,75.63,88.73,65.87,33.09,0.252,78.53,B
apple,69.31,65.88,100.0,14.94,0.329,76.32,C
apple,66.4,88.11,97.46,0.0,0.33,93.76,B
tomato,72.85,63.23,85.94,20.81,0.267,76.61,C
apple,70.88,71.85,92.42,9.9,0.316,89.65,B
apple,69.72,83.9,66.97,37.73,0.293,70.47,B
cucumber,78.99,84.04,90.95,11.4,0.233,89.1,A
orange,67.26,85.47,70.67,39.47,0.395,81.23,B
tomato,83.68,80.94,55.82,42.88,0.168,69.53,C
carrot,91.82,73.69,65.07,43.63,0.12,67.43,B
carrot,76.39,80.77,76.51,26.33,0.363,79.59,A
tomato,52.7,76.18,95.66,6.75,0.254,89.29,C
orange,100.0,58.05,100.0,0.0,0.047,78.98,C
banana,84.69,95.81,81.82,21.69,0.132,79.51,A
apple,88.38,100.0,94.07,0.0,0.04,92.81,A
carrot,78.66,86.72,53.12,51.55,0.243,67.18,C
cucumber,75.41,58.6,70.68,29.36,0.254,66.54,C
cucumber,74.03,85.43,92.03,7.39,0.276,87.8,B
carrot,68.3,88.27,67.12,35.2,0.318,76.18,B
apple,70.38,62.25,82.13,19.26,0.339,69.53,C
tomato,100.0,77.44,62.0,32.04,0.0,77.38,B
tomato,87.01,71.25,100.0,0.0,0.116,92.81,B
orange,87.88,100.0,79.98,17.64,0.091,80.75,A
cucumber,95.17,89.19,76.32,17.71,0.06,87.82,A
carrot,84.46,84.0,63.25,41.95,0.0,75.54,B
orange,55.37,79.1,75.87,21.35,0.498,79.85,C
carrot,80.28,91.57,76.27,42.81,0.205,84.89,A
carrot,69.85,95.77,54.63,32.42,0.303,82.05,C
cucumber,78.64,77.97,46.26,56.45,0.247,53.21,C
cucumber,89.49,95.59,85.34,18.59,0.131,94.8,A
orange,50.72,63.99,64.22,35.0,0.512,65.73,C
apple,95.23,71.53,79.82,15.1,0.038,77.28,B
carrot,35.0,100.0,85.06,11.36,0.746,90.79,C
apple,70.69,100.0,74.32,26.58,0.353,90.09,B
cucumber,77.18,95.32,100.0,1.9,0.234,98.52,A
cucumber,69.01,78.66,51.4,41.5,0.284,64.75,C
cucumber,100.0,88.43,61.41,34.23,0.069,80.55,B
orange,71.36,95.5,60.11,42.25,0.4,78.83,B
carrot,66.37,86.92,68.48,23.16,0.371,83.29,B
apple,72.34,70.46,73.6,23.02,0.226,81.49,B
banana,85.0,88.87,90.13,14.49,0.129,90.86,A
cucumber,84.58,86.1,69.88,22.15,0.162,76.97,B
tomato,49.64,88.09,91.45,23.72,0.484,87.08,C
cucumber,81.13,84.43,63.02,35.93,0.09,78.36,B
apple,66.44,81.58,53.17,43.33,0.322,67.32,C
cucumber,99.59,90.79,91.39,17.28,0.033,90.91,A
orange,93.14,94.88,86.38,4.9,0.027,89.25,A
cucumber,77.68,95.64,97.04,10.15,0.283,91.16,A
apple,85.24,74.71,49.61,48.66,0.214,64.47,C
orange,80.66,100.0,78.84,21.29,0.129,94.97,A
carrot,70.47,74.24,96.5,10.45,0.352,83.56,B
apple,77.1,91.39,100.0,2.21,0.328,100.0,A
tomato,74.48,91.94,100.0,11.99,0.315,96.1,B
orange,86.64,100.0,82.94,19.79,0.136,89.83,A
apple,75.57,83.63,100.0,0.0,0.247,87.49,A
cucumber,98.5,100.0,79.25,24.19,0.007,92.27,A
carrot,82.71,82.7,78.2,24.51,0.158,79.24,A
banana,100.0,67.55,55.85,38.41,0.0,66.18,C
cucumber,86.87,84.06,84.46,11.38,0.119,84.16,A
tomato,60.58,68.54,88.23,13.25,0.425,69.19,C
carrot,55.75,89.96,31.54,75.81,0.351,64.97,C
apple,93.73,100.0,39.63,64.54,0.0,71.95,C
carrot,74.9,83.56,61.41,43.27,0.179,78.69,B
tomato,56.96,100.0,74.92,36.52,0.491,83.47,C
carrot,76.73,83.45,100.0,2.63,0.242,90.73,A
apple,97.57,82.04,69.68,26.93,0.0,68.85,B
banana,66.74,99.98,72.69,31.53,0.209,89.18,B
cucumber,70.78,84.17,68.07,19.19,0.338,77.33,B
banana,73.29,70.41,52.48,48.86,0.348,62.46,C
cucumber,81.38,81.36,89.82,13.82,0.037,88.32,A
cucumber,62.95,64.94,72.98,29.48,0.288,72.48,C
apple,78.7,71.59,60.33,45.83,0.137,71.28,B
tomato,75.52,80.85,48.67,50.45,0.275,58.08,C
tomato,79.34,74.27,89.67,0.0,0.224,90.07,B
carrot,99.6,86.68,71.17,25.01,0.0,81.64,A
banana,89.36,100.0,75.01,16.92,0.039,91.39,A
cucumber,77.1,92.52,67.46,37.52,0.221,76.33,B
apple,60.04,100.0,74.46,29.41,0.373,81.97,C
orange,74.49,95.21,67.67,27.11,0.263,83.94,B
banana,83.31,89.73,87.51,5.57,0.119,83.2,A
apple,58.02,91.55,80.64,19.84,0.29,96.37,C
banana,100.0,64.61,63.0,23.78,0.018,58.3,C
orange,61.9,65.53,88.44,15.83,0.472,73.56,C
cucumber,58.66,77.98,67.7,35.09,0.464,77.79,C
banana,65.36,93.98,75.29,22.76,0.311,81.84,B
tomato,82.61,84.1,71.8,42.87,0.239,74.34,A
banana,73.9,79.43,78.33,17.46,0.283,86.14,B
apple,61.08,76.2,69.01,42.98,0.439,77.33,C
tomato,74.03,78.56,52.77,51.92,0.284,72.1,C
carrot,75.87,84.04,90.27,0.91,0.278,87.05,A
orange,62.12,56.98,73.82,34.87,0.463,67.18,C
orange,77.36,93.44,68.78,28.13,0.193,70.81,B
apple,97.31,74.3,63.18,29.74,0.017,77.56,B
tomato,53.09,77.75,59.45,46.48,0.483,65.42,C
banana,79.09,76.27,100.0,3.28,0.243,74.8,B
tomato,100.0,97.91,46.45,51.67,0.0,80.74,C
banana,81.66,72.79,76.55,7.81,0.129,74.85,B
tomato,48.88,77.43,92.15,0.0,0.523,85.12,C
cucumber,100.0,79.24,73.25,31.88,0.0,75.14,B
orange,75.92,92.18,84.87,10.64,0.248,95.98,A
cucumber,65.53,83.74,72.91,26.71,0.263,85.38,B
tomato,93.39,74.54,65.99,41.29,0.116,71.31,B
apple,89.42,78.54,75.87,20.16,0.151,73.73,B
orange,73.26,82.25,88.14,12.0,0.252,85.04,B
tomato,91.41,74.05,73.98,26.08,0.129,73.51,B
cucumber,75.65,79.15,73.26,18.84,0.192,73.55,B
apple,95.04,81.6,68.25,39.11,0.127,81.2,B
banana,70.57,100.0,79.86,18.54,0.33,94.97,B
apple,69.43,84.63,90.82,2.21,0.306,82.16,B
tomato,69.55,87.73,70.85,25.26,0.307,73.55,B
cucumber,84.43,95.58,74.73,24.05,0.174,75.01,A
orange,100.0,80.53,74.09,30.37,0.082,82.19,A
banana,45.67,88.76,100.0,3.73,0.486,95.79,C
carrot,96.49,70.53,77.19,17.67,0.008,81.29,B
apple,79.55,75.29,57.68,31.09,0.142,67.04,C
carrot,69.59,100.0,64.52,34.05,0.25,87.21,B
cucumber,100.0,60.86,70.46,37.13,0.0,68.49,C
apple,79.17,88.6,100.0,11.69,0.205,91.64,A
tomato,64.2,93.72,54.05,44.43,0.363,71.37,C
apple,100.0,80.54,69.03,37.06,0.012,81.98,B
apple,80.47,79.02,47.46,42.82,0.104,65.14,C
banana,96.83,82.36,72.09,22.84,0.063,73.21,A
banana,63.22,96.26,81.67,16.92,0.4,89.01,C
apple,65.75,100.0,66.73,42.61,0.333,87.4,B
apple,89.01,95.76,62.55,43.9,0.202,77.86,B
cucumber,70.15,77.84,100.0,0.0,0.251,96.98,B
banana,87.37,100.0,68.79,31.96,0.093,85.11,B
banana,88.27,85.88,75.08,22.58,0.073,84.12,A
carrot,60.43,88.14,100.0,8.91,0.32,91.39,C
apple,76.95,65.21,82.17,17.77,0.326,72.42,C
carrot,95.52,66.79,59.55,44.78,0.099,58.39,C
cucumber,57.28,79.83,89.39,8.0,0.415,78.96,C
orange,68.27,100.0,77.17,16.82,0.302,80.6,B
cucumber,98.41,80.29,100.0,0.0,0.014,93.35,A
orange,37.91,84.46,75.22,33.7,0.669,74.17,C
orange,53.35,96.91,71.8,22.77,0.476,83.34,C
apple,100.0,86.09,79.29,26.11,0.055,86.61,A
banana,87.13,84.01,95.83,3.63,0.13,98.53,A
cucumber,100.0,81.9,68.74,40.04,0.04,76.9,B
carrot,82.98,81.74,65.37,35.4,0.184,71.68,B
cucumber,91.56,97.47,91.52,6.82,0.122,94.88,A
cucumber,88.09,83.75,100.0,8.74,0.155,93.12,A
apple,80.46,69.96,48.18,46.59,0.193,48.54,C
apple,74.29,79.41,65.41,32.54,0.343,75.72,B
banana,69.6,81.18,75.55,19.85,0.266,83.42,B
tomato,61.58,81.48,77.89,10.28,0.382,84.03,C
cucumber,84.77,100.0,96.02,12.68,0.292,100.0,A
cucumber,92.61,75.29,77.72,18.39,0.094,73.25,B
banana,67.7,86.96,73.8,14.64,0.25,74.64,B
tomato,84.22,84.63,93.04,11.47,0.211,91.88,A
tomato,81.15,95.19,90.71,11.55,0.252,81.22,A
carrot,73.41,95.83,100.0,0.0,0.336,92.06,B
cucumber,60.88,79.19,70.91,19.74,0.424,78.45,C
orange,71.5,81.53,75.51,34.61,0.143,73.73,B
banana,78.08,68.97,71.87,27.38,0.186,70.74,C
tomato,74.46,76.56,73.35,26.61,0.168,77.26,B
orange,71.23,97.14,85.46,21.56,0.237,89.44,B
cucumber,67.42,97.03,99.8,0.0,0.303,98.03,B
banana,86.78,60.88,50.35,52.59,0.035,53.38,C
apple,84.23,80.3,70.15,34.92,0.172,71.99,A
orange,78.57,86.6,100.0,4.72,0.275,90.25,A
carrot,74.47,80.28,59.87,47.72,0.299,68.55,C
carrot,87.63,84.67,87.52,4.42,0.116,85.81,A
tomato,68.57,52.0,58.69,40.94,0.317,63.77,C
banana,86.74,82.98,75.48,31.14,0.103,78.53,A
orange,99.28,86.71,64.68,34.63,0.033,74.44,B
orange,69.98,74.15,81.42,16.43,0.277,71.11,B
tomato,75.28,78.14,79.18,25.31,0.282,81.42,B
carrot,74.39,75.2,59.3,37.14,0.257,63.32,C
cucumber,63.52,62.07,89.11,8.04,0.323,70.12,C
apple,84.35,98.5,69.55,29.16,0.21,74.97,B
carrot,100.0,49.52,74.44,21.25,0.0,59.89,C
apple,90.18,80.65,61.43,37.54,0.124,65.12,B
carrot,100.0,74.29,73.8,23.81,0.027,82.91,B
carrot,86.7,63.78,53.85,43.75,0.12,50.21,C
banana,61.71,99.92,100.0,0.0,0.405,93.8,C
carrot,87.36,76.02,58.6,39.66,0.103,65.69,C
cucumber,66.22,100.0,54.8,54.89,0.287,77.39,C
tomato,70.65,77.88,88.82,20.18,0.353,81.32,B
tomato,66.27,70.1,57.66,39.72,0.35,54.32,C
apple,77.3,100.0,93.95,2.54,0.157,99.27,A
apple,94.65,79.44,100.0,0.0,0.099,89.22,B
carrot,73.03,65.56,85.53,18.52,0.359,80.59,C
orange,62.94,65.58,99.57,0.0,0.445,85.2,C
tomato,82.95,78.32,86.57,13.34,0.152,85.92,B
cucumber,66.02,89.2,74.98,27.96,0.317,76.04,B
apple,100.0,100.0,90.14,7.53,0.0,100.0,A
orange,68.51,100.0,75.24,35.37,0.245,90.21,B
orange,100.0,82.36,71.78,21.22,0.054,73.22,A
orange,59.48,100.0,94.48,5.33,0.347,100.0,C
carrot,72.51,68.74,47.81,48.32,0.202,55.16,C
cucumber,72.37,86.27,64.43,35.96,0.372,73.61,B
carrot,83.77,63.21,100.0,0.0,0.215,80.99,C
carrot,88.07,76.57,93.47,1.98,0.158,83.07,B
cucumber,83.24,76.46,76.8,16.75,0.18,76.85,B
apple,77.17,83.61,66.14,33.09,0.178,86.6,B
cucumber,93.89,85.28,94.75,0.0,0.0,88.02,A
cucumber,74.45,84.47,90.73,2.44,0.275,87.67,B
carrot,83.21,75.76,98.13,1.25,0.257,82.99,B
orange,77.1,78.07,86.12,12.09,0.096,66.78,B
carrot,97.09,96.76,100.0,0.0,0.0,96.28,A
apple,62.89,100.0,100.0,2.87,0.371,93.53,C
apple,100.0,82.92,71.37,31.51,0.0,77.88,A
orange,94.31,80.75,94.54,4.25,0.05,81.58,A
orange,89.4,71.49,68.22,31.79,0.112,61.32,B
apple,89.93,77.46,72.4,28.57,0.094,69.78,B
apple,77.45,93.93,59.18,38.57,0.156,81.26,C
cucumber,65.25,83.11,56.74,37.06,0.275,64.59,C
orange,98.36,73.2,83.46,11.52,0.054,73.2,B
cucumber,78.79,100.0,86.09,10.36,0.246,100.0,A
banana,53.56,71.89,72.21,25.29,0.448,65.53,C
tomato,56.66,79.6,92.73,7.09,0.384,79.42,C
orange,74.55,72.92,79.28,12.31,0.295,76.68,B
orange,99.62,76.75,64.39,32.33,0.0,70.11,B
cucumber,65.54,57.72,67.03,35.13,0.351,68.37,C
orange,89.39,98.59,88.27,21.99,0.199,98.19,A
cucumber,88.6,79.54,75.34,22.63,0.145,73.84,B
apple,42.67,100.0,72.47,30.26,0.646,87.74,C
banana,99.67,67.1,100.0,6.52,0.014,90.67,C
cucumber,73.67,99.33,46.13,57.24,0.29,82.58,C
banana,54.26,100.0,67.05,30.27,0.396,78.08,C
cucumber,61.32,90.88,65.39,27.33,0.36,79.82,C
apple,73.84,82.41,87.14,19.36,0.246,79.55,B
apple,85.06,64.47,61.75,33.93,0.139,59.31,C
banana,88.61,62.74,50.72,47.27,0.105,49.46,C
apple,71.98,77.28,78.43,17.6,0.354,80.3,B
orange,65.89,83.13,77.98,29.3,0.311,84.4,B
apple,100.0,97.49,79.15,19.27,0.025,87.42,A
orange,100.0,82.94,69.51,27.73,0.0,79.01,B
apple,94.47,66.48,78.04,28.87,0.0,82.35,C
orange,71.62,83.69,85.14,19.21,0.297,89.41,B
banana,100.0,88.27,100.0,5.41,0.0,100.0,A
apple,69.38,99.95,76.43,29.94,0.272,91.32,B
banana,100.0,87.26,90.98,0.0,0.0,91.17,A
carrot,81.35,93.53,70.15,30.15,0.246,70.45,A
cucumber,72.99,71.05,81.38,25.98,0.322,75.54,B
banana,91.14,92.42,74.6,21.24,0.057,87.7,A
cucumber,62.31,61.78,89.31,7.41,0.393,81.74,C
apple,58.37,81.46,73.27,29.01,0.478,70.72,C
carrot,93.47,79.76,73.8,28.71,0.083,79.69,B
carrot,86.42,70.22,91.84,15.16,0.145,73.56,B
apple,80.92,68.26,70.24,21.31,0.221,70.08,C
apple,53.31,86.22,75.1,28.0,0.447,76.65,C
apple,69.93,82.23,78.37,20.49,0.28,78.54,B
carrot,100.0,72.75,67.07,52.69,0.021,63.01,B
banana,64.35,92.91,72.62,24.74,0.437,85.6,C
tomato,92.59,87.22,68.89,34.78,0.135,78.73,B
tomato,90.76,84.54,80.02,20.8,0.03,81.83,A
carrot,81.32,77.01,81.4,18.73,0.226,82.52,B
cucumber,57.49,100.0,73.73,25.78,0.408,84.42,C
apple,100.0,98.63,83.11,16.24,0.031,91.24,A
banana,83.07,76.71,80.04,21.19,0.199,75.28,B
apple,88.65,71.12,66.84,29.99,0.06,74.06,B
orange,67.52,97.06,66.87,32.0,0.274,86.13,B
cucumber,90.7,90.87,84.6,15.84,0.067,83.66,A
apple,89.47,73.68,76.64,21.56,0.049,76.05,B
cucumber,71.77,70.57,52.33,38.28,0.264,61.03,C
banana,87.76,81.21,85.23,13.67,0.083,83.79,A
carrot,59.06,88.47,61.01,44.5,0.392,80.05,C
apple,67.83,86.57,94.73,15.27,0.324,99.84,B
tomato,73.66,95.19,60.93,41.6,0.146,72.45,B
banana,58.31,87.12,90.5,6.49,0.368,86.44,C
apple,63.51,80.79,77.63,20.53,0.449,75.61,C
banana,62.38,82.87,94.93,11.86,0.355,91.68,C
apple,84.32,75.52,85.86,25.32,0.18,83.52,B
cucumber,56.09,87.52,59.73,36.73,0.547,72.36,C
carrot,66.9,95.83,60.84,36.48,0.393,78.55,B
banana,86.16,77.24,100.0,0.0,0.191,97.5,B
tomato,65.24,79.68,82.22,12.64,0.361,79.83,B
orange,78.73,82.86,78.62,17.78,0.185,80.15,A
carrot,77.33,76.73,81.18,7.93,0.19,77.56,B
carrot,100.0,82.23,78.83,18.27,0.0,74.45,A
carrot,75.45,70.76,71.56,13.08,0.189,78.48,B
cucumber,97.79,98.65,86.77,10.51,0.0,98.44,A
cucumber,78.97,100.0,70.16,41.68,0.202,91.76,A
tomato,62.66,76.18,59.47,33.15,0.407,66.84,C
banana,78.79,88.67,46.28,61.44,0.195,70.14,C
tomato,98.56,80.74,42.02,58.32,0.024,56.21,C
banana,80.21,77.67,54.52,49.51,0.17,64.06,C
apple,96.53,81.51,77.27,20.09,0.058,86.13,A
orange,87.72,90.24,85.7,6.02,0.079,86.95,A
orange,62.03,59.53,54.46,44.01,0.376,53.03,C
banana,79.18,76.79,93.45,5.58,0.243,86.14,B
tomato,76.64,67.17,74.27,21.26,0.253,64.01,C
cucumber,78.22,88.87,90.52,4.89,0.219,90.62,A
orange,55.78,71.07,100.0,0.0,0.348,82.62,C
apple,36.47,84.89,88.96,5.57,0.612,91.54,C
orange,58.18,79.26,63.96,34.27,0.355,72.68,C
tomato,75.76,88.59,79.21,22.03,0.17,86.36,A
tomato,75.5,94.58,64.49,43.62,0.317,83.3,B
banana,63.29,55.76,93.26,7.41,0.33,80.38,C
orange,71.64,88.3,58.18,41.16,0.338,74.3,C
tomato,96.71,95.6,76.12,9.86,0.0,89.68,A
tomato,73.1,86.06,99.51,0.0,0.237,92.53,B
orange,83.26,80.15,92.79,2.42,0.173,88.69,A
apple,90.6,83.79,88.62,12.54,0.113,83.04,A
carrot,68.54,96.69,86.17,7.69,0.324,79.56,B
carrot,92.42,80.5,77.89,4.02,0.056,80.88,A
cucumber,84.98,93.55,72.64,26.37,0.084,82.07,A
orange,50.28,68.98,100.0,0.0,0.508,81.92,C
orange,51.14,93.23,41.24,55.43,0.486,68.39,C
banana,50.43,72.39,64.02,31.34,0.544,62.14,C
banana,82.51,83.9,91.37,7.83,0.214,86.77,A
banana,55.46,50.34,82.04,20.55,0.469,63.57,C
tomato,100.0,76.48,82.73,20.83,0.086,78.02,B
tomato,55.53,100.0,82.74,19.98,0.601,93.0,C
apple,58.47,79.65,60.4,37.22,0.395,67.09,C
tomato,100.0,85.59,72.39,32.15,0.024,80.37,A
carrot,88.27,83.61,86.72,17.8,0.125,84.06,A
cucumber,70.83,86.7,82.62,13.72,0.251,82.89,B
banana,70.62,64.5,65.58,36.02,0.357,67.81,C
tomato,87.62,75.3,83.25,16.67,0.114,78.76,B
banana,77.66,98.13,75.69,30.83,0.27,90.24,A
apple,94.75,76.51,87.45,6.71,0.0,91.86,B
banana,63.65,95.75,77.89,19.58,0.361,80.32,C
tomato,61.76,77.25,90.8,10.72,0.308,88.29,C
orange,77.89,75.49,87.95,11.05,0.163,90.96,B
orange,76.78,77.14,94.88,1.97,0.155,82.62,B
carrot,97.9,91.99,71.92,36.32,0.058,80.62,A
apple,82.94,72.02,76.07,25.78,0.086,73.1,B
tomato,73.45,94.34,46.49,51.22,0.241,75.21,C
banana,100.0,89.95,69.44,32.0,0.0,83.99,B
banana,58.02,72.12,83.29,24.06,0.31,84.58,C
banana,49.74,45.98,51.53,48.35,0.499,51.92,C
apple,69.76,68.7,69.39,30.81,0.314,65.1,C
carrot,68.68,71.56,67.32,39.13,0.307,65.97,B
carrot,91.89,100.0,79.35,28.05,0.133,86.65,A
apple,58.76,79.54,65.98,31.6,0.375,71.33,C
apple,85.98,80.57,46.17,49.35,0.064,64.59,C
carrot,81.85,72.55,79.95,17.23,0.125,79.96,B
apple,90.27,93.39,66.27,40.81,0.073,83.09,B
cucumber,74.64,52.95,71.17,29.38,0.233,70.84,C
tomato,60.56,75.24,61.52,35.1,0.446,75.77,C
cucumber,67.15,68.11,96.9,9.83,0.323,75.53,C
carrot,58.4,84.05,84.79,2.81,0.4,92.51,C
orange,100.0,89.79,58.65,39.59,0.0,69.46,C
banana,63.45,100.0,60.36,46.11,0.344,80.05,C
carrot,69.02,88.81,43.26,59.38,0.186,64.9,C
cucumber,90.81,89.47,55.23,37.76,0.057,73.28,C
cucumber,77.8,85.74,71.47,31.68,0.233,75.9,A
tomato,48.96,83.6,60.75,35.78,0.534,79.26,C
banana,86.31,64.67,79.93,19.71,0.198,69.6,C
tomato,74.38,94.71,74.53,18.82,0.384,79.22,B
cucumber,83.2,85.21,72.96,25.93,0.156,73.51,A
tomato,100.0,79.36,85.55,12.44,0.0,80.18,B
orange,75.59,77.12,94.74,0.0,0.215,81.44,B
banana,99.64,71.57,85.0,20.82,0.0,71.4,B
banana,90.9,66.87,82.27,18.41,0.11,76.93,C
cucumber,63.99,70.29,87.44,8.79,0.223,82.11,C
carrot,85.01,98.71,76.27,29.71,0.158,95.43,A
tomato,62.07,81.9,86.77,12.09,0.437,82.18,C
banana,100.0,85.38,84.84,22.31,0.0,78.55,A
apple,96.85,85.29,72.38,27.69,0.0,77.88,A
tomato,91.77,93.94,85.23,17.15,0.007,92.54,A
orange,87.44,96.94,100.0,0.0,0.106,94.76,A
tomato,78.2,79.19,92.44,0.95,0.166,80.7,B
cucumber,72.6,67.26,75.22,23.78,0.235,75.61,C
carrot,93.94,79.66,75.61,21.01,0.06,81.2,B
carrot,71.83,88.22,63.0,41.56,0.253,79.87,B
apple,100.0,68.15,52.38,43.92,0.0,53.35,C
banana,87.32,81.95,68.33,29.35,0.097,83.39,B
apple,58.17,91.55,72.55,39.68,0.392,86.28,C
tomato,94.23,75.74,64.11,40.33,0.086,62.88,B
carrot,39.95,89.14,71.81,27.22,0.516,74.99,C
carrot,70.83,73.93,77.89,25.62,0.405,75.81,B
orange,65.55,61.9,70.36,20.05,0.345,62.23,C
banana,48.69,100.0,67.4,22.78,0.558,80.06,C
cucumber,67.0,75.51,81.52,22.04,0.368,78.06,B
banana,85.93,90.95,79.21,19.93,0.068,88.07,A
banana,71.8,97.33,53.15,56.71,0.281,76.83,C
banana,72.07,62.0,73.77,28.24,0.313,66.89,C
cucumber,54.88,100.0,58.52,50.04,0.405,78.35,C
cucumber,87.38,72.16,100.0,0.45,0.149,84.74,B
orange,100.0,80.42,100.0,0.0,0.038,92.66,A
orange,61.97,84.57,76.12,18.76,0.398,81.07,C
banana,76.97,80.92,70.12,30.72,0.198,88.8,A
orange,56.86,74.98,67.91,44.33,0.365,73.58,C
orange,83.0,96.84,95.45,1.84,0.18,86.82,A
orange,79.49,72.47,73.02,16.87,0.225,64.26,B
cucumber,59.6,71.8,94.48,9.05,0.461,90.94,C
orange,66.41,99.99,52.55,51.92,0.311,71.62,C
carrot,92.17,92.98,79.44,21.35,0.105,87.73,A
orange,86.12,84.45,89.48,0.75,0.132,80.05,A
orange,100.0,76.31,78.04,26.5,0.0,74.56,B
carrot,83.47,47.24,60.37,46.23,0.215,55.68,C
apple,81.23,88.66,70.95,29.75,0.156,86.12,A
carrot,100.0,98.56,69.47,24.81,0.064,86.73,B
carrot,68.5,87.11,58.64,45.17,0.384,81.03,C
cucumber,88.63,65.42,79.16,33.68,0.07,71.99,C
tomato,87.26,100.0,64.27,29.79,0.189,76.16,B
apple,75.05,81.21,92.58,11.11,0.272,84.88,A
tomato,100.0,90.3,77.59,14.62,0.0,82.88,A
cucumber,69.98,81.81,100.0,7.48,0.292,84.86,B
tomato,77.26,61.28,87.4,18.76,0.106,70.22,C
tomato,76.34,90.81,67.75,27.26,0.273,76.94,B
orange,61.33,65.77,88.08,13.43,0.433,74.27,C
carrot,66.07,98.33,51.63,55.88,0.405,79.28,C
tomato,65.75,79.48,55.28,38.95,0.375,70.63,C
tomato,62.26,90.11,83.27,25.79,0.406,91.98,C
carrot,92.7,66.55,74.05,25.71,0.061,72.52,C
cucumber,87.52,86.71,73.17,22.42,0.18,81.69,A
carrot,75.09,61.08,76.57,22.24,0.22,76.75,C
banana,60.66,90.48,100.0,6.46,0.392,89.57,C
apple,71.83,73.76,64.49,33.55,0.277,71.55,B
banana,59.43,73.81,73.45,25.38,0.497,74.79,C
apple,84.27,88.55,74.0,18.72,0.245,75.92,A
apple,87.91,84.4,85.61,24.63,0.149,82.21,A
cucumber,68.53,83.96,55.31,38.49,0.317,71.48,C
orange,52.46,87.97,62.89,44.79,0.458,69.81,C
orange,64.26,97.23,76.01,23.08,0.387,81.59,C
apple,58.66,86.9,58.41,34.99,0.455,75.28,C
orange,68.71,71.16,100.0,5.44,0.292,88.46,B
orange,57.66,73.93,77.68,25.04,0.419,77.04,C
carrot,75.55,78.45,69.18,32.21,0.265,74.8,B
cucumber,60.32,70.01,82.38,26.45,0.404,74.14,C
carrot,60.95,97.71,78.99,17.0,0.382,85.71,C
cucumber,97.68,79.57,78.49,24.96,0.0,80.0,B
cucumber,54.69,85.03,75.27,25.51,0.455,81.45,C
tomato,98.06,67.85,70.53,33.47,0.043,71.48,C
banana,87.21,95.57,71.09,22.96,0.112,86.89,A
banana,84.1,86.84,72.57,25.19,0.15,83.33,A
carrot,62.91,91.15,65.59,37.23,0.361,86.2,C
orange,71.73,84.14,85.71,9.05,0.279,83.59,B
carrot,71.4,95.34,66.42,36.98,0.302,73.9,B
cucumber,85.79,65.04,86.05,10.91,0.143,69.07,C
tomato,91.9,72.32,66.29,36.44,0.105,57.13,B
banana,100.0,88.34,87.15,11.99,0.0,91.12,A
carrot,86.16,79.37,79.81,15.54,0.182,73.65,B
cucumber,100.0,100.0,100.0,7.65,0.0,100.0,A
apple,54.7,100.0,94.06,5.75,0.392,94.1,C
banana,50.68,93.34,50.35,51.37,0.451,64.71,C
carrot,72.99,92.06,55.72,39.74,0.151,62.97,C
carrot,100.0,100.0,77.48,17.57,0.0,93.11,A
carrot,81.56,81.85,66.9,29.94,0.199,69.49,B
apple,84.78,76.34,78.04,30.27,0.144,81.79,B
tomato,70.94,82.33,100.0,0.0,0.286,98.45,B
banana,66.22,79.45,81.31,19.8,0.416,82.62,B
apple,72.6,73.11,72.39,20.66,0.298,70.82,B
apple,67.92,87.98,57.7,46.92,0.297,78.64,C
carrot,80.2,89.58,78.87,25.59,0.203,75.91,A
apple,93.13,80.95,88.63,15.51,0.03,80.22,A
orange,73.45,93.24,73.15,32.99,0.287,84.63,B
orange,72.39,84.79,95.09,4.59,0.303,90.17,B
cucumber,100.0,96.42,77.27,24.02,0.0,85.98,A
cucumber,82.64,92.21,87.99,5.36,0.222,89.65,A
carrot,98.05,99.56,80.22,24.03,0.058,96.87,A
orange,88.92,66.07,100.0,6.39,0.085,77.89,C
tomato,73.83,85.96,87.89,8.71,0.206,88.86,B
cucumber,70.0,83.75,54.51,43.98,0.336,72.16,C
orange,60.48,82.19,84.98,17.45,0.37,85.07,C
carrot,100.0,84.46,49.87,51.35,0.102,60.73,C
apple,74.6,83.15,79.11,27.73,0.258,87.52,B
cucumber,76.24,77.8,65.29,23.8,0.251,81.82,B
apple,88.3,77.04,72.09,33.82,0.217,82.01,B
tomato,90.08,82.42,79.36,16.12,0.027,75.25,A
apple,73.62,64.37,75.4,22.69,0.205,68.03,C
carrot,73.19,74.6,90.83,0.0,0.169,82.73,B
cucumber,84.06,75.53,61.31,38.64,0.137,76.18,B
carrot,73.14,81.36,100.0,0.0,0.296,93.91,B
tomato,82.34,84.33,77.61,18.94,0.193,91.11,A
cucumber,96.16,85.65,89.69,5.09,0.025,92.41,A
carrot,66.44,76.2,100.0,0.58,0.427,89.13,B
apple,81.69,78.33,91.08,17.07,0.131,82.95,B
cucumber,76.06,76.08,92.15,14.47,0.217,85.18,B
cucumber,59.87,71.25,77.99,22.2,0.353,71.04,C
tomato,84.83,58.39,59.81,29.01,0.173,50.09,C
orange,78.48,100.0,100.0,0.0,0.23,95.06,A
carrot,76.3,96.74,85.59,10.11,0.272,79.95,A
carrot,66.71,72.11,77.25,21.53,0.326,73.81,B
apple,86.1,83.79,71.45,30.96,0.18,74.84,A
tomato,77.11,95.94,58.36,52.47,0.162,75.42,C
banana,100.0,75.96,67.99,29.79,0.005,70.33,B
cucumber,76.01,40.0,76.91,23.19,0.292,65.0,C
banana,90.24,68.78,88.28,8.29,0.038,77.6,C
tomato,99.01,84.17,99.94,0.0,0.062,88.8,A
apple,81.25,89.94,80.01,15.55,0.232,93.63,A
tomato,69.24,59.98,83.99,14.02,0.301,74.76,C
cucumber,73.97,80.8,99.52,0.66,0.199,84.18,B
orange,80.09,68.45,51.0,52.81,0.233,57.88,C
tomato,80.82,89.23,85.68,0.0,0.18,90.04,A
carrot,71.84,82.43,88.01,12.47,0.357,90.86,B
cucumber,75.03,47.8,70.78,21.1,0.261,60.05,C
cucumber,88.44,98.76,75.58,38.1,0.127,80.62,A
banana,72.41,89.11,60.84,37.37,0.268,72.73,B
carrot,90.17,89.7,94.67,3.35,0.158,85.36,A
banana,59.79,82.11,95.24,1.15,0.378,87.59,C
banana,86.59,76.27,67.47,24.46,0.105,77.75,B
apple,66.9,96.83,66.64,41.88,0.401,82.02,B
tomato,55.52,100.0,82.2,15.86,0.493,94.61,C
orange,68.06,85.82,57.03,46.97,0.318,72.83,C
tomato,75.8,78.99,62.11,42.63,0.316,67.76,B
apple,84.48,82.1,51.57,40.62,0.116,56.14,C
banana,99.12,86.41,75.52,11.34,0.0,80.95,A
carrot,67.52,92.37,68.32,32.01,0.386,78.61,B
carrot,67.65,99.02,76.73,29.82,0.289,94.91,B
apple,84.52,83.58,67.91,32.08,0.133,80.54,B
apple,74.95,64.04,49.13,40.51,0.281,50.83,C
apple,80.05,81.22,83.01,17.94,0.064,80.5,A
apple,84.38,100.0,100.0,0.0,0.139,92.17,A
banana,93.19,86.21,78.66,29.63,0.129,88.22,A
banana,84.85,77.81,88.27,16.62,0.142,81.29,B
orange,100.0,73.01,71.79,30.32,0.024,69.78,B
apple,100.0,87.07,84.5,26.05,0.0,85.34,A
carrot,75.41,64.13,87.97,14.55,0.232,75.55,C
orange,89.42,68.37,79.27,24.93,0.017,77.24,C
apple,76.24,68.04,98.9,0.0,0.155,84.14,C
cucumber,71.79,63.94,84.41,3.64,0.23,71.3,C
carrot,97.43,95.23,73.55,11.89,0.045,91.74,A
banana,96.51,87.56,56.97,39.88,0.132,65.18,C
tomato,92.14,76.83,57.09,52.08,0.102,65.05,C
orange,60.81,100.0,75.61,32.78,0.437,85.2,C
tomato,99.69,99.55,45.97,57.33,0.0,67.59,C
orange,81.93,65.8,68.54,26.67,0.156,66.81,C
banana,100.0,87.92,100.0,0.0,0.0,100.0,A
tomato,69.33,79.86,87.52,5.05,0.342,86.61,B
banana,91.35,97.6,74.23,20.59,0.192,78.28,A
carrot,56.6,88.78,100.0,1.14,0.484,84.41,C
orange,49.89,91.36,51.24,41.09,0.527,76.61,C
apple,75.62,88.84,84.6,14.1,0.189,89.55,A
tomato,91.41,85.74,57.3,46.84,0.086,69.11,C
orange,73.58,73.72,90.22,1.27,0.215,80.33,B
carrot,93.81,62.31,97.62,10.47,0.003,67.36,C
banana,76.92,95.47,100.0,0.0,0.318,86.59,A
banana,71.74,95.83,96.77,8.95,0.215,100.0,B
tomato,85.64,61.95,42.93,63.3,0.135,46.01,C
apple,83.46,81.01,51.17,60.15,0.216,64.41,C
apple,73.57,86.31,57.93,44.01,0.198,71.77,C
orange,61.23,100.0,76.95,24.3,0.287,85.49,C
banana,84.92,84.33,41.54,59.71,0.169,69.35,C
banana,44.37,70.04,58.45,45.97,0.42,62.0,C
carrot,99.39,82.09,90.34,0.0,0.0,93.4,A
tomato,79.55,68.58,77.61,15.51,0.264,86.74,C
tomato,85.26,74.38,35.46,54.43,0.225,49.78,C
apple,87.83,99.79,72.81,24.77,0.125,83.16,A
banana,69.39,86.94,78.96,33.82,0.328,88.71,B
carrot,85.88,73.32,82.33,21.8,0.144,89.86,B
apple,99.42,96.13,88.23,22.35,0.0,99.03,A
tomato,69.53,88.74,95.73,0.0,0.279,92.72,B
tomato,75.2,92.25,100.0,2.52,0.211,89.64,A
apple,63.9,87.61,83.23,13.99,0.46,81.74,C
banana,76.21,89.67,90.27,17.39,0.259,95.23,A
apple,91.77,92.86,100.0,0.0,0.037,100.0,A
orange,38.23,87.9,92.96,3.58,0.596,85.06,C
tomato,70.61,73.81,64.2,34.18,0.28,78.37,B
orange,72.09,86.13,66.77,29.69,0.194,68.59,B
cucumber,80.76,94.91,47.41,49.29,0.124,69.84,C
tomato,94.14,76.64,75.24,33.49,0.082,72.14,B
orange,65.59,87.05,84.25,7.55,0.353,85.06,B
orange,86.17,91.98,83.64,14.54,0.185,83.44,A
cucumber,35.0,81.16,62.86,39.53,0.551,68.77,C
tomato,85.05,69.64,82.55,14.11,0.148,79.07,C
banana,79.39,72.23,68.67,35.15,0.155,69.56,B
carrot,72.21,80.76,59.85,29.04,0.304,75.13,C
orange,83.53,95.0,85.53,11.97,0.117,90.67,A
apple,81.72,83.15,73.12,20.39,0.204,80.49,A
carrot,79.66,100.0,66.01,41.68,0.167,88.55,B
orange,96.5,78.48,100.0,2.81,0.0,87.37,B
tomato,91.85,69.3,73.77,27.45,0.056,83.33,C
banana,81.5,81.26,95.05,2.76,0.235,79.82,A
carrot,93.74,100.0,63.63,31.03,0.091,78.7,B
tomato,73.97,92.52,67.29,20.91,0.195,79.96,B
carrot,73.54,65.29,100.0,12.99,0.212,83.93,C
tomato,63.59,78.29,100.0,0.0,0.35,84.43,C
banana,35.0,76.69,75.27,20.77,0.693,81.99,C
orange,56.82,100.0,53.23,54.5,0.439,74.1,C
banana,77.5,84.5,61.28,37.32,0.186,66.81,B
tomato,65.74,68.2,69.28,33.32,0.349,78.61,C
tomato,85.04,82.08,89.05,15.25,0.141,86.43,A
apple,66.84,89.36,45.94,58.72,0.33,65.22,C
banana,75.61,97.57,100.0,7.32,0.216,100.0,A
banana,88.1,70.9,55.83,43.79,0.159,55.3,C
orange,86.59,82.5,98.66,0.0,0.252,82.89,A
apple,47.56,81.29,57.85,41.92,0.521,68.59,C
orange,84.49,78.19,93.66,5.26,0.107,77.49,B
carrot,75.42,66.77,54.4,48.76,0.157,67.65,C
cucumber,77.34,69.58,88.23,11.75,0.192,79.91,C
tomato,52.76,62.38,58.08,44.02,0.472,65.47,C
banana,86.62,80.63,60.91,41.4,0.13,67.63,B
apple,78.63,80.45,73.54,23.98,0.148,77.37,A
apple,62.7,79.11,87.74,13.37,0.346,80.57,C
apple,87.54,53.24,88.76,0.0,0.054,68.43,C
orange,100.0,90.48,81.7,7.12,0.008,83.35,A
apple,65.75,83.86,68.46,36.75,0.246,76.53,B
apple,71.86,85.66,58.12,42.86,0.271,68.59,C
tomato,70.94,80.15,63.71,36.33,0.277,68.87,B
banana,84.23,77.41,78.33,15.51,0.136,76.27,B
cucumber,59.3,86.65,67.91,29.96,0.379,92.07,C
apple,46.97,62.8,88.15,19.87,0.496,81.87,C
apple,89.12,79.73,71.83,29.25,0.153,77.77,B
orange,75.39,100.0,80.02,25.2,0.273,91.38,A
tomato,79.63,92.77,87.5,14.09,0.169,92.06,A
cucumber,73.38,100.0,51.38,54.38,0.223,76.34,C
apple,100.0,70.45,64.42,35.48,0.0,71.86,B
banana,87.81,66.05,47.09,51.54,0.043,64.16,C
carrot,55.05,69.55,82.62,13.86,0.374,86.28,C
banana,75.06,79.49,87.36,15.41,0.208,81.8,B
banana,74.6,90.99,57.31,54.8,0.216,74.1,C
banana,58.53,71.51,60.47,37.04,0.366,69.47,C
tomato,66.26,71.27,69.71,36.24,0.348,69.99,B
orange,60.86,66.66,96.91,6.27,0.348,78.96,C
banana,65.62,71.37,83.36,14.91,0.448,83.62,B
carrot,88.07,76.93,85.56,12.34,0.201,83.27,B
apple,81.94,83.52,100.0,0.0,0.273,90.83,A
tomato,66.72,62.19,86.46,7.31,0.341,80.0,C
apple,67.92,78.78,55.15,42.52,0.45,70.85,C
banana,68.82,81.49,78.08,19.4,0.338,75.02,B
banana,63.62,86.44,57.3,47.07,0.363,62.73,C
banana,52.72,90.32,72.02,39.09,0.526,75.87,C
carrot,47.69,72.94,56.46,54.49,0.523,69.37,C
orange,75.3,81.61,93.7,8.17,0.194,95.77,A
apple,73.61,76.53,30.73,73.08,0.269,54.13,C
cucumber,69.37,77.57,83.41,20.42,0.295,85.23,B
cucumber,76.82,75.95,79.17,12.67,0.243,69.85,B
tomato,47.72,79.9,100.0,0.0,0.555,100.0,C
tomato,84.06,72.82,65.96,34.05,0.128,66.6,B
apple,93.39,62.24,62.91,34.31,0.096,68.29,C
tomato,100.0,76.41,69.35,34.18,0.0,72.18,B
cucumber,38.68,83.48,73.08,34.55,0.614,72.01,C
banana,74.13,56.91,56.63,47.19,0.246,61.38,C
cucumber,74.36,76.29,91.29,12.74,0.288,91.5,B
apple,72.48,98.02,59.29,34.22,0.313,71.13,C
tomato,79.52,94.86,75.05,25.29,0.23,81.64,A
orange,67.41,87.69,75.53,22.02,0.322,89.59,B
orange,70.92,61.51,75.32,28.62,0.333,68.96,C
cucumber,92.34,90.77,93.81,12.1,0.155,91.44,A
banana,87.96,91.37,100.0,7.69,0.218,98.78,A
apple,81.43,65.38,80.93,15.76,0.196,73.43,C
apple,76.54,93.22,32.43,68.71,0.295,72.18,C
banana,88.98,100.0,78.7,21.31,0.137,89.34,A
apple,70.27,68.65,84.45,15.61,0.279,73.72,C
cucumber,85.58,91.37,57.91,34.36,0.192,67.76,C
banana,100.0,100.0,87.81,16.45,0.113,82.23,A
carrot,71.03,92.18,70.6,36.84,0.288,82.05,B
orange,70.16,75.43,80.34,15.01,0.346,81.15,B
apple,94.49,68.45,48.81,51.17,0.2,64.96,C
cucumber,84.37,90.73,54.11,54.11,0.148,71.97,C
carrot,78.36,95.73,63.92,25.84,0.233,69.61,B
orange,95.8,88.95,92.68,11.04,0.162,87.87,A
tomato,83.97,76.74,91.31,8.32,0.246,81.37,B
tomato,86.9,81.61,84.68,16.89,0.149,82.11,A
banana,67.48,77.98,49.07,55.98,0.263,62.44,C
apple,90.59,60.7,74.53,28.23,0.097,74.34,C
apple,65.67,57.41,88.97,7.81,0.255,72.4,C
tomato,59.05,100.0,62.59,37.93,0.349,81.5,C
carrot,75.99,64.13,100.0,0.0,0.215,86.91,C
apple,94.9,67.59,79.42,9.29,0.096,65.33,C
orange,65.95,81.96,83.12,15.31,0.416,86.16,B
cucumber,59.56,100.0,63.15,47.27,0.506,84.14,C
carrot,93.48,45.0,72.88,33.73,0.111,52.84,C
apple,39.95,86.96,45.87,60.92,0.66,64.04,C
tomato,85.82,79.39,79.87,13.25,0.173,71.43,B
carrot,76.17,79.47,80.36,15.75,0.333,80.71,B
apple,81.49,84.37,92.05,11.41,0.207,91.89,A
orange,51.2,81.09,72.84,30.64,0.489,79.87,C
orange,59.32,81.87,54.54,47.78,0.313,69.95,C
cucumber,72.25,92.74,79.64,10.49,0.244,78.68,B
cucumber,52.58,83.41,84.96,17.68,0.504,84.13,C
apple,61.9,76.72,54.86,40.07,0.385,65.2,C
banana,100.0,65.85,74.0,17.46,0.0,68.19,C
cucumber,71.26,79.7,69.11,22.48,0.255,72.5,B
cucumber,79.11,88.71,72.25,26.24,0.123,83.18,A
banana,89.21,97.8,72.99,20.87,0.107,87.14,A
cucumber,73.27,75.23,85.02,17.97,0.25,71.85,B
carrot,66.49,84.57,78.42,10.25,0.339,84.07,B
orange,87.56,83.41,44.37,63.3,0.145,57.87,C
carrot,81.47,90.16,68.19,36.76,0.096,73.96,B
cucumber,47.03,71.23,100.0,12.35,0.541,82.42,C
orange,85.1,63.24,66.84,41.77,0.097,61.3,C
banana,78.2,85.4,66.0,34.46,0.248,85.51,B
tomato,77.38,100.0,67.21,24.84,0.239,88.99,B
orange,83.42,80.84,52.83,46.82,0.228,60.66,C
apple,72.19,73.63,79.97,22.69,0.3,71.91,B
banana,53.31,85.15,67.91,43.12,0.561,86.48,C
tomato,86.54,92.45,88.13,9.74,0.199,90.29,A
apple,79.92,63.55,86.32,12.12,0.224,76.11,C
apple,77.31,91.44,72.82,18.45,0.255,78.08,A
orange,58.14,69.73,80.53,18.89,0.312,73.21,C
banana,71.23,80.01,92.69,12.09,0.339,72.49,B
tomato,100.0,89.64,100.0,0.0,0.0,94.85,A
orange,87.8,94.9,74.6,23.95,0.148,83.47,A
orange,72.9,94.45,96.16,10.35,0.263,84.6,B
banana,66.63,80.44,65.26,34.61,0.282,66.45,B
banana,96.34,70.36,76.01,29.72,0.082,77.16,B
carrot,88.86,98.48,82.8,6.18,0.085,94.12,A
orange,68.59,100.0,74.99,25.52,0.37,86.58,B
carrot,91.49,64.33,71.44,33.54,0.088,75.22,C
cucumber,54.36,61.72,88.31,16.88,0.447,77.02,C
orange,65.79,73.52,79.04,26.39,0.284,75.29,B
apple,74.34,87.02,75.86,20.86,0.319,78.74,B
apple,54.13,73.44,84.26,17.67,0.489,81.6,C
banana,100.0,73.03,50.09,43.61,0.0,56.69,C
apple,96.79,100.0,84.07,28.78,0.014,83.87,A
banana,93.8,59.94,63.92,39.2,0.057,60.97,C
tomato,77.84,94.04,76.32,18.7,0.159,81.13,A
orange,83.89,86.12,63.19,23.54,0.182,70.17,B
cucumber,66.66,70.15,78.45,35.7,0.371,74.98,B
tomato,83.38,60.99,58.04,26.89,0.253,67.15,C
tomato,80.03,63.38,72.49,38.26,0.206,65.11,C
banana,51.63,98.56,74.88,14.58,0.437,80.33,C
orange,81.11,75.96,88.43,12.04,0.242,80.41,B
carrot,100.0,75.23,61.55,32.3,0.0,59.79,B
apple,49.42,83.94,54.38,43.33,0.536,80.68,C
cucumber,61.83,80.2,64.42,30.36,0.346,76.43,C
carrot,100.0,86.99,59.84,37.96,0.0,77.42,C
cucumber,53.42,65.91,66.54,37.56,0.527,73.12,C
banana,76.76,91.54,57.69,31.24,0.254,69.58,C
orange,77.02,83.44,79.97,25.66,0.271,82.68,A
carrot,79.62,74.85,72.86,42.85,0.213,76.1,B
banana,67.42,94.24,88.16,16.44,0.337,96.37,B
apple,82.25,80.62,90.31,4.26,0.142,85.2,A
carrot,51.88,91.93,60.59,36.58,0.471,76.46,C
apple,76.99,81.28,68.85,26.51,0.284,64.54,B
orange,74.91,76.37,82.7,8.57,0.226,79.03,B
cucumber,82.98,67.8,68.2,37.12,0.11,67.61,C
cucumber,77.86,77.37,100.0,0.0,0.244,84.85,B
orange,91.06,74.94,75.12,19.5,0.032,80.22,B
carrot,69.69,53.04,100.0,0.0,0.291,84.72,C
orange,75.55,67.26,49.84,49.16,0.263,60.08,C
carrot,70.78,82.24,46.6,56.16,0.3,74.29,C
banana,63.86,81.39,70.76,31.85,0.363,69.77,C
tomato,53.46,85.15,98.13,2.35,0.506,96.71,C
tomato,65.78,84.34,95.31,7.87,0.38,87.52,B
orange,74.96,80.58,75.18,31.83,0.133,78.03,B
banana,57.43,90.06,64.41,33.45,0.518,82.28,C
carrot,86.62,86.57,73.37,38.63,0.174,76.22,A
cucumber,86.5,81.33,53.14,49.43,0.122,69.89,C
carrot,84.63,74.7,86.13,10.89,0.132,77.75,B
apple,73.79,98.47,100.0,0.0,0.116,100.0,B
apple,72.87,71.61,66.58,30.93,0.336,69.89,B
carrot,85.41,78.29,69.75,33.62,0.187,79.01,B
orange,74.08,84.1,85.34,12.35,0.202,80.69,B
carrot,87.93,97.11,54.3,42.11,0.103,79.68,C
banana,70.08,76.84,53.41,49.49,0.291,61.86,C
tomato,94.9,69.94,62.53,44.98,0.055,69.59,C
banana,84.03,81.58,70.43,34.56,0.218,81.42,A
orange,97.57,77.7,63.92,35.06,0.066,73.51,B
tomato,74.17,92.05,78.24,18.32,0.223,87.2,B
cucumber,57.37,92.17,68.32,41.24,0.356,79.34,C
apple,67.5,70.29,68.21,42.41,0.332,65.29,B
tomato,52.18,75.56,65.86,32.79,0.365,70.25,C
cucumber,93.42,100.0,45.69,49.5,0.023,73.57,C
banana,100.0,82.52,74.03,35.53,0.0,80.28,A
cucumber,66.74,65.55,66.23,46.89,0.364,67.27,C
cucumber,91.67,65.71,50.93,45.72,0.181,67.81,C
carrot,71.23,73.91,49.75,50.71,0.296,65.78,C
orange,75.04,88.67,64.79,38.43,0.224,79.03,B
apple,83.68,82.83,88.71,1.86,0.11,84.42,A
banana,71.9,77.5,96.95,3.9,0.333,88.74,B
cucumber,69.96,83.6,87.67,19.49,0.294,77.4,B
orange,73.1,53.95,100.0,3.58,0.237,71.42,C
banana,93.42,68.64,59.71,35.7,0.071,67.28,C
cucumber,93.67,82.01,92.33,3.65,0.0,83.81,A
carrot,65.91,74.42,60.65,36.58,0.372,76.11,B
tomato,58.68,72.5,88.25,10.52,0.377,83.96,C
tomato,92.35,81.77,62.94,38.68,0.065,71.15,B
carrot,91.87,85.0,92.57,15.45,0.104,86.25,A
apple,93.6,87.59,100.0,1.86,0.099,95.25,A
cucumber,74.12,85.53,84.34,22.59,0.274,82.62,B
apple,73.1,66.12,100.0,0.0,0.317,84.45,C
orange,76.24,72.55,60.5,49.87,0.243,72.15,B
cucumber,98.77,77.07,82.78,17.49,0.0,79.0,B
apple,70.51,78.1,73.23,39.44,0.203,78.17,B
cucumber,74.2,74.31,71.55,32.45,0.294,73.86,B
tomato,97.03,91.8,67.26,35.71,0.055,75.45,B
cucumber,54.46,57.73,77.12,24.67,0.396,72.65,C
carrot,98.24,86.45,58.94,43.81,0.051,69.95,C
carrot,56.37,83.2,59.99,46.74,0.416,80.22,C
cucumber,80.02,99.15,61.76,37.29,0.18,77.04,B
carrot,81.67,66.45,74.22,28.87,0.173,65.34,C
banana,88.95,69.51,55.29,38.99,0.138,63.78,C
tomato,89.85,78.09,61.2,44.31,0.074,70.58,B
cucumber,69.45,94.11,64.54,40.35,0.189,76.53,B
carrot,75.43,100.0,57.29,46.73,0.299,75.04,C
banana,80.12,64.22,68.72,38.94,0.225,65.69,C
apple,79.7,88.97,88.36,8.3,0.28,95.25,A
carrot,65.36,69.76,70.77,29.59,0.258,72.74,C
banana,97.31,88.92,65.18,30.05,0.042,76.28,B
tomato,87.03,95.1,57.89,43.44,0.112,76.0,C
banana,90.97,93.68,98.38,4.18,0.085,94.76,A
banana,98.1,78.14,84.09,19.98,0.0,76.5,B
apple,100.0,85.49,66.71,32.53,0.054,80.77,B
banana,100.0,93.59,73.56,19.29,0.053,85.96,A
apple,56.13,79.22,100.0,0.1,0.402,84.57,C
banana,90.72,98.89,79.97,27.55,0.05,90.24,A
orange,82.31,98.59,81.1,15.15,0.18,81.46,A
banana,90.47,77.5,71.82,33.17,0.165,77.33,B
cucumber,100.0,88.03,80.84,20.61,0.0,89.21,A
cucumber,69.21,82.28,63.36,33.93,0.4,78.34,B
apple,67.71,76.37,55.57,48.66,0.31,56.13,C
banana,84.58,93.56,74.83,22.94,0.253,84.22,A
banana,88.79,75.53,87.04,4.23,0.089,75.24,B
orange,96.76,74.65,87.49,21.61,0.031,86.04,B
banana,85.97,83.4,88.01,23.03,0.108,80.91,A
tomato,92.92,95.55,67.41,19.78,0.037,84.22,B
banana,77.0,84.16,67.63,38.46,0.247,78.83,B
orange,85.87,87.5,61.15,41.09,0.181,80.1,B
tomato,84.24,70.42,63.02,34.37,0.167,66.11,B
carrot,61.05,56.82,30.0,69.21,0.505,52.39,C
apple,63.33,83.8,52.57,39.56,0.307,67.06,C
cucumber,81.79,89.96,70.61,29.61,0.127,73.56,A
cucumber,55.52,89.79,70.59,18.18,0.442,73.95,C
orange,69.32,90.18,93.42,0.85,0.311,94.57,B
cucumber,79.73,86.33,54.73,48.6,0.178,72.28,C
banana,88.03,86.18,86.27,17.86,0.194,86.06,A
tomato,80.46,93.18,68.15,23.83,0.22,79.64,B
tomato,85.51,99.17,49.92,56.21,0.018,72.55,C
carrot,100.0,78.06,77.44,27.14,0.0,78.11,B
apple,100.0,67.17,69.9,24.53,0.0,74.17,C
cucumber,78.4,75.33,67.71,28.91,0.192,65.2,B
banana,72.61,72.91,78.48,22.96,0.246,74.97,B
orange,100.0,100.0,59.13,35.38,0.0,84.85,C
apple,81.6,100.0,75.83,28.4,0.21,84.98,A
tomato,93.89,71.8,97.44,0.0,0.037,79.18,B
cucumber,71.6,52.82,72.27,24.69,0.324,64.66,C
orange,67.39,76.5,72.25,36.67,0.285,70.77,B
cucumber,55.77,85.68,79.25,28.45,0.494,94.45,C
orange,76.89,78.87,55.2,48.98,0.237,70.29,C
tomato,83.27,84.46,78.22,17.68,0.227,91.6,A
orange,61.34,90.65,30.0,74.01,0.293,57.7,C
banana,74.77,92.07,46.28,51.56,0.227,77.08,C
apple,84.48,67.87,68.46,40.88,0.191,63.58,C
apple,74.47,75.54,48.64,47.3,0.325,60.18,C
orange,76.45,83.69,100.0,0.05,0.29,88.85,A
orange,78.19,72.71,72.74,32.59,0.178,72.73,B
tomato,88.63,72.11,93.53,6.91,0.105,72.78,B
carrot,83.57,100.0,85.09,21.67,0.104,91.91,A
tomato,96.31,71.35,91.44,12.96,0.051,79.75,B
cucumber,100.0,89.58,81.45,16.07,0.002,86.34,A
apple,84.0,90.81,63.48,27.72,0.164,68.41,B
apple,70.36,87.9,100.0,0.0,0.41,92.79,B
orange,83.22,65.02,91.95,8.3,0.165,68.8,C
apple,90.69,79.16,94.79,12.01,0.061,94.95,B
orange,78.68,82.6,77.58,22.83,0.082,79.16,A
apple,100.0,100.0,89.63,8.94,0.0,91.53,A
banana,100.0,73.69,38.31,67.87,0.075,64.3,C
cucumber,96.02,82.64,42.78,57.39,0.071,62.03,C
orange,75.29,70.43,59.97,51.06,0.341,65.19,C
cucumber,63.29,89.71,100.0,0.0,0.39,97.55,C
tomato,85.91,100.0,100.0,0.0,0.175,100.0,A
cucumber,82.06,90.06,79.47,15.24,0.156,82.48,A
orange,65.36,85.76,82.69,23.19,0.303,81.34,B
tomato,75.53,82.36,73.2,33.6,0.303,83.35,A
orange,78.4,71.53,100.0,5.14,0.193,92.88,B
tomato,99.16,99.74,61.26,42.23,0.048,93.57,B
tomato,66.87,99.19,76.28,16.27,0.325,87.75,B
orange,82.68,93.49,79.81,16.94,0.166,86.63,A
orange,81.26,95.32,80.35,11.23,0.159,88.66,A
apple,97.47,100.0,78.09,26.49,0.0,91.19,A
tomato,61.87,81.25,100.0,1.82,0.338,92.66,C
apple,63.59,100.0,93.07,9.0,0.345,94.98,C
tomato,100.0,85.68,30.0,84.53,0.009,59.56,C
cucumber,84.98,90.96,69.22,23.4,0.164,87.25,B
tomato,68.28,73.26,95.54,1.72,0.297,82.53,B
apple,54.4,75.53,79.69,21.65,0.514,86.8,C
tomato,100.0,92.98,73.62,22.64,0.001,86.23,A
banana,87.35,80.55,88.59,18.98,0.171,84.41,A
apple,65.49,71.71,65.1,36.44,0.371,61.33,B
banana,81.65,71.2,82.94,15.21,0.147,77.34,B
carrot,83.88,71.82,72.12,30.69,0.123,63.68,B
carrot,71.73,66.18,70.44,39.55,0.214,66.89,C
orange,100.0,86.9,70.12,28.94,0.021,86.99,A
tomato,66.64,65.45,77.65,13.92,0.31,67.01,C
tomato,94.11,75.9,82.35,8.02,0.065,73.11,B
orange,100.0,93.19,73.95,45.25,0.0,89.39,A
tomato,55.01,79.07,54.44,47.11,0.453,65.22,C
carrot,69.49,85.92,89.13,1.97,0.268,87.79,B
tomato,87.45,99.05,72.55,25.56,0.082,87.45,A
apple,73.89,80.87,84.83,11.79,0.222,85.01,B
carrot,35.0,74.76,57.58,49.64,0.628,63.36,C
apple,69.07,77.17,77.55,19.91,0.288,72.31,B
banana,60.69,82.73,80.91,10.53,0.431,85.64,C
apple,82.5,89.64,100.0,0.0,0.123,87.15,A
orange,100.0,100.0,61.21,34.43,0.0,86.72,B
orange,48.5,100.0,81.0,21.73,0.505,92.83,C
carrot,55.29,71.91,77.68,8.69,0.432,72.97,C
cucumber,69.73,70.05,46.85,54.02,0.288,51.57,C
orange,78.94,78.46,68.62,18.44,0.245,67.38,B
banana,65.88,77.34,94.44,8.75,0.398,87.54,B
banana,83.94,60.63,70.92,27.73,0.222,63.24,C
carrot,81.39,95.89,73.86,31.11,0.101,76.81,A
tomato,43.75,91.43,86.78,18.6,0.529,86.29,C
tomato,99.66,100.0,88.7,13.29,0.07,93.07,A
cucumber,72.14,80.45,60.34,38.61,0.223,75.52,B
tomato,99.44,62.45,100.0,0.0,0.0,78.12,C
apple,97.62,84.71,72.1,23.15,0.0,84.07,A
tomato,98.29,86.76,33.73,58.81,0.04,58.4,C
orange,69.62,68.76,91.16,11.58,0.329,76.79,C
carrot,57.93,80.44,35.55,55.04,0.405,69.87,C
cucumber,50.99,67.08,79.47,31.15,0.5,76.78,C
tomato,70.34,82.99,65.47,38.88,0.216,78.68,B
apple,78.59,79.42,49.71,44.41,0.274,63.52,C
tomato,64.81,81.65,54.05,46.55,0.37,69.45,C
orange,64.45,77.9,84.6,14.14,0.341,90.76,C
carrot,94.21,68.14,86.48,17.77,0.032,71.22,C
carrot,48.44,74.62,84.42,9.11,0.52,72.14,C
apple,60.79,81.06,67.98,24.88,0.359,69.85,C
tomato,58.29,94.99,70.24,16.55,0.386,87.19,C
cucumber,100.0,71.72,84.05,22.17,0.023,71.01,B
tomato,63.86,96.04,63.13,42.73,0.34,80.29,C
orange,68.88,71.5,79.61,20.95,0.334,73.1,B
tomato,64.05,84.19,59.53,46.94,0.354,70.23,C
carrot,76.85,62.1,59.02,47.33,0.236,52.15,C
orange,83.28,75.29,62.01,31.12,0.217,58.82,B
banana,79.8,100.0,84.86,10.06,0.278,85.66,A
banana,81.98,87.85,61.9,42.28,0.155,78.35,B
carrot,83.02,77.05,94.4,5.34,0.232,88.26,B
orange,76.09,91.45,88.7,14.13,0.125,85.17,A
apple,59.16,92.59,87.3,8.34,0.309,87.1,C
carrot,100.0,71.64,63.29,30.72,0.061,66.25,B
apple,99.2,88.95,61.29,31.37,0.066,75.21,B
apple,54.76,60.6,58.14,34.42,0.35,53.88,C
cucumber,71.06,100.0,71.73,27.26,0.315,84.68,B
orange,84.0,85.37,77.96,38.64,0.206,76.26,A
cucumber,66.12,87.36,54.0,39.36,0.356,75.66,C
tomato,85.54,92.25,81.98,19.05,0.119,91.18,A
cucumber,77.05,80.6,100.0,0.0,0.233,92.72,A
apple,76.53,72.16,82.05,17.72,0.327,81.04,B
orange,88.94,85.69,96.95,0.0,0.12,90.83,A
orange,78.88,71.38,85.21,17.29,0.275,78.25,B
cucumber,89.84,72.47,93.36,13.14,0.164,84.8,B
banana,70.7,83.31,82.08,14.56,0.36,85.6,B
carrot,100.0,83.17,58.49,36.52,0.074,79.96,C
orange,93.14,97.83,95.47,7.88,0.085,99.35,A
apple,66.88,90.78,99.34,0.0,0.316,97.44,B
orange,68.26,66.2,94.36,2.93,0.318,77.23,C
cucumber,90.8,79.11,57.12,40.8,0.121,69.06,C
cucumber,79.64,84.54,88.14,11.61,0.226,81.41,A
tomato,73.74,84.44,85.06,12.47,0.263,84.73,B
tomato,64.29,87.26,49.61,60.9,0.397,71.63,C
cucumber,66.11,98.67,100.0,7.17,0.391,100.0,B
tomato,65.29,93.94,58.38,34.36,0.283,81.04,C
apple,79.51,81.82,57.99,37.99,0.174,62.88,C
carrot,70.44,69.02,85.24,18.72,0.231,75.65,C
orange,63.29,87.12,77.69,28.87,0.382,80.25,C
tomato,79.0,82.98,74.53,17.55,0.272,84.09,A
tomato,73.49,79.3,57.5,31.3,0.232,66.62,C
carrot,56.38,84.12,94.61,10.45,0.43,80.16,C
carrot,80.2,87.09,100.0,0.0,0.054,88.28,A
cucumber,85.29,82.32,56.55,34.93,0.129,63.21,C
carrot,71.83,74.47,63.87,37.71,0.284,70.18,B
tomato,80.7,81.13,59.47,36.15,0.173,80.63,C
banana,71.72,83.18,71.15,35.3,0.267,75.99,B
banana,90.22,100.0,98.52,0.66,0.095,99.49,A
carrot,65.29,93.24,79.31,20.43,0.284,86.58,B
carrot,49.6,75.02,66.99,34.73,0.598,73.86,C
banana,87.68,95.5,100.0,0.0,0.083,100.0,A
tomato,77.94,84.64,72.02,24.4,0.302,72.83,A
banana,85.86,63.05,62.71,33.32,0.17,61.04,C
orange,76.72,64.51,100.0,0.43,0.258,79.55,C
tomato,100.0,59.0,80.46,12.27,0.0,66.54,C
carrot,63.21,82.43,34.91,63.2,0.363,51.87,C
orange,69.08,79.15,66.52,32.99,0.375,85.2,B
carrot,89.18,95.06,100.0,1.49,0.187,100.0,A
apple,83.26,60.14,80.67,10.06,0.086,71.37,C
tomato,61.29,81.91,78.21,22.88,0.342,84.56,C
cucumber,84.62,67.64,73.15,33.44,0.202,66.41,C
cucumber,69.82,70.14,65.5,26.11,0.295,70.98,B
carrot,76.64,79.35,92.88,3.45,0.205,81.89,B
banana,60.94,88.35,73.84,26.49,0.454,87.75,C
carrot,87.72,84.71,68.61,33.35,0.037,83.97,B
orange,85.72,71.62,66.63,23.15,0.127,66.71,B
orange,89.65,97.32,75.56,22.6,0.125,86.34,A
apple,61.77,74.17,71.26,30.23,0.383,73.76,C
apple,87.98,82.04,100.0,0.0,0.136,100.0,A
orange,80.91,81.19,60.21,48.96,0.133,72.83,B
tomato,75.16,64.91,97.49,0.84,0.188,87.46,C
orange,70.44,86.02,89.46,13.38,0.186,91.22,B
cucumber,73.06,80.69,50.24,50.91,0.201,64.04,C
orange,80.34,94.89,62.89,45.82,0.244,76.74,B
apple,56.34,85.26,64.2,42.99,0.403,70.23,C
cucumber,81.5,73.77,76.14,29.78,0.191,75.56,B
cucumber,52.6,86.7,78.56,26.8,0.504,81.62,C
cucumber,93.49,78.49,79.95,18.18,0.088,77.34,B
carrot,100.0,92.49,100.0,0.0,0.0,94.64,A
carrot,78.62,79.62,49.73,57.18,0.322,71.08,C
orange,81.39,71.88,77.16,35.47,0.168,72.25,B
banana,94.61,96.08,62.43,36.0,0.029,79.61,B
banana,65.94,95.08,77.63,36.33,0.357,85.87,B
carrot,86.62,77.95,47.28,51.28,0.121,54.65,C
tomato,46.99,77.83,79.9,20.68,0.51,78.43,C
apple,66.24,82.13,76.93,17.67,0.351,80.84,B
tomato,100.0,80.31,71.53,25.93,0.0,79.35,A
tomato,67.71,75.18,67.39,26.7,0.235,68.97,B
carrot,80.95,100.0,88.02,15.13,0.285,93.52,A
carrot,78.95,81.86,100.0,0.02,0.178,93.87,A
apple,86.0,86.97,72.97,30.43,0.066,80.78,A
banana,71.06,100.0,78.49,17.93,0.22,95.77,B
cucumber,66.13,86.04,86.4,17.41,0.34,87.01,B
carrot,81.48,86.04,82.8,23.77,0.188,80.33,A
carrot,89.31,60.56,47.51,58.0,0.183,47.71,C
orange,79.51,77.21,71.83,30.01,0.14,68.98,B
banana,75.82,68.49,88.63,8.86,0.221,79.97,C
apple,76.07,92.05,61.07,30.55,0.224,76.86,B
banana,57.18,84.19,63.88,27.41,0.476,70.87,C
tomato,95.25,82.34,80.72,18.01,0.0,75.84,A
apple,83.47,60.52,75.14,18.12,0.177,67.74,C
apple,89.15,94.8,83.34,21.82,0.091,100.0,A
tomato,70.08,92.82,88.04,14.88,0.333,80.01,B
banana,100.0,79.55,95.93,0.0,0.013,84.93,B
cucumber,82.76,86.39,59.06,40.6,0.163,75.2,C
orange,92.84,83.81,55.58,45.06,0.202,77.92,C
tomato,82.14,46.31,77.01,28.58,0.169,59.36,C
carrot,74.0,88.63,57.62,49.51,0.257,68.45,C
cucumber,54.82,75.34,66.85,46.01,0.418,60.32,C
tomato,69.27,87.47,88.55,25.11,0.378,88.95,B
orange,100.0,77.58,65.47,32.03,0.0,69.2,B
cucumber,74.5,90.77,69.79,22.6,0.175,81.33,B
banana,69.69,76.39,82.22,26.13,0.264,79.75,B
banana,92.37,72.69,75.75,24.02,0.011,75.06,B
carrot,86.33,67.76,76.16,32.13,0.241,78.36,C
cucumber,60.34,87.41,68.27,33.43,0.358,69.27,C
cucumber,88.84,85.46,82.45,18.85,0.132,86.6,A
cucumber,73.88,82.99,100.0,0.85,0.263,92.01,B
banana,71.47,84.5,67.91,31.22,0.246,76.75,B
apple,86.76,79.46,43.87,59.68,0.138,56.7,C
apple,57.02,94.54,75.08,11.3,0.439,82.78,C
carrot,69.65,73.15,73.96,23.12,0.211,79.92,B
apple,67.02,68.46,88.33,3.88,0.336,75.48,C
cucumber,70.12,68.76,66.07,33.98,0.311,63.49,C
apple,91.33,62.05,75.9,18.4,0.034,70.28,C
carrot,69.82,67.4,97.19,8.33,0.205,74.92,C
banana,73.73,100.0,85.86,15.94,0.212,95.39,B
orange,58.86,97.66,82.75,12.3,0.452,100.0,C
cucumber,86.26,76.82,77.37,13.59,0.137,77.31,B
orange,100.0,60.46,71.51,36.22,0.0,65.13,C
banana,64.01,60.09,65.93,28.13,0.366,59.07,C
orange,70.81,76.57,75.23,21.6,0.239,76.33,B
banana,79.93,74.68,74.03,13.67,0.194,72.35,B
banana,64.0,72.97,69.44,36.52,0.415,66.56,C
cucumber,70.61,91.71,78.33,22.23,0.321,82.04,B
apple,98.46,81.98,62.31,36.32,0.077,70.02,B
cucumber,68.62,72.81,86.55,8.2,0.355,81.44,B
tomato,64.9,81.14,67.22,34.87,0.445,72.33,C
cucumber,78.37,82.29,73.36,21.5,0.233,76.38,A
banana,64.43,94.17,77.58,21.05,0.423,76.7,C
orange,64.8,84.54,66.59,27.87,0.418,84.85,C
carrot,74.68,86.03,76.91,33.47,0.148,83.35,B
tomato,42.66,77.67,100.0,0.0,0.613,94.83,C
carrot,77.81,83.45,48.54,47.16,0.267,66.3,C
carrot,80.0,100.0,69.11,40.52,0.207,93.03,B
apple,59.63,84.22,69.7,31.14,0.465,78.85,C
orange,67.95,72.13,76.26,23.51,0.311,69.4,B
orange,95.98,77.65,98.82,1.26,0.073,91.02,B
carrot,83.51,100.0,80.03,25.38,0.2,91.55,A
carrot,80.8,88.57,88.21,3.67,0.204,87.47,A
banana,97.44,73.2,53.68,51.09,0.0,53.8,C
cucumber,91.62,83.9,83.56,13.78,0.015,77.81,A
cucumber,58.91,85.68,68.6,32.51,0.419,79.08,C
apple,85.49,77.87,78.94,22.47,0.024,81.64,B
banana,86.46,66.56,70.95,22.5,0.173,61.73,C
cucumber,64.07,88.41,65.93,28.5,0.405,81.91,C
carrot,90.73,79.22,72.73,23.38,0.101,73.33,B
carrot,71.5,89.2,94.95,7.44,0.375,88.55,B
orange,88.72,72.74,71.62,17.76,0.068,64.67,B
banana,71.49,77.27,77.44,30.0,0.319,69.24,B
banana,79.68,80.83,75.64,25.59,0.169,77.32,A
tomato,95.76,73.55,59.52,40.11,0.0,57.92,C
apple,99.73,81.54,78.86,8.36,0.025,80.66,A
carrot,68.03,84.16,78.72,14.92,0.336,87.43,B
banana,64.99,79.87,89.67,2.97,0.379,81.38,C
orange,81.63,75.23,66.93,42.21,0.113,73.5,B
orange,88.28,66.03,55.49,40.0,0.125,61.89,C
carrot,58.92,71.53,63.02,35.9,0.51,62.61,C
tomato,61.0,89.63,75.34,19.28,0.372,78.52,C
cucumber,82.44,100.0,84.81,14.63,0.142,85.69,A
cucumber,88.19,76.41,95.41,4.71,0.157,87.39,B
carrot,75.34,70.54,73.67,31.38,0.221,74.31,B
apple,89.7,85.76,56.77,41.89,0.15,64.97,C
cucumber,61.94,81.17,100.0,0.0,0.405,91.88,C
carrot,80.42,76.63,70.28,19.76,0.195,77.95,B
cucumber,78.86,95.09,85.29,14.36,0.18,87.75,A
apple,73.99,83.75,100.0,3.17,0.217,84.68,B
cucumber,74.9,91.74,72.47,30.78,0.242,85.69,B
tomato,100.0,68.65,88.7,9.67,0.0,77.47,C
cucumber,81.83,87.49,92.93,15.51,0.198,98.78,A
apple,94.16,87.14,67.21,33.87,0.084,77.02,B
cucumber,84.19,92.38,75.63,6.71,0.242,82.52,A
orange,61.14,77.96,67.0,28.58,0.355,75.13,C
banana,100.0,91.85,93.96,3.77,0.005,95.04,A
apple,71.61,92.25,93.44,6.96,0.224,91.37,B
cucumber,56.38,82.9,80.09,18.29,0.448,83.58,C
orange,59.98,78.96,82.56,26.91,0.387,83.51,C
tomato,91.17,79.64,94.37,12.84,0.157,89.3,B
orange,68.77,100.0,88.29,19.75,0.296,98.37,B
apple,99.4,68.95,73.39,13.77,0.0,67.09,C
carrot,100.0,100.0,52.97,50.37,0.04,74.79,C
banana,80.67,85.31,54.45,39.36,0.202,70.38,C
banana,66.08,80.92,90.18,9.36,0.42,82.07,B
tomato,80.9,77.75,85.41,9.9,0.287,73.12,B
apple,79.35,88.63,97.35,7.79,0.17,95.99,A
tomato,100.0,71.35,100.0,2.31,0.0,81.21,B
carrot,48.67,77.02,71.79,21.76,0.551,73.31,C
tomato,68.46,78.1,81.68,18.76,0.28,80.52,B
apple,60.91,78.54,85.27,18.16,0.379,85.29,C
orange,63.3,70.61,71.98,37.01,0.375,69.92,C
tomato,73.7,100.0,67.82,26.11,0.255,82.66,B
cucumber,65.88,100.0,81.1,21.69,0.318,87.66,B
banana,52.86,68.29,72.04,36.06,0.453,72.25,C
banana,78.42,97.56,50.64,53.77,0.206,78.72,C
carrot,78.37,80.77,59.96,32.36,0.187,71.02,C
banana,66.65,78.04,45.83,51.95,0.385,65.46,C
tomato,78.87,84.92,62.75,47.0,0.315,74.66,B
apple,100.0,73.84,55.98,39.76,0.0,76.47,C
orange,65.11,71.22,94.24,11.74,0.325,73.35,B
orange,61.07,100.0,87.02,13.37,0.483,100.0,C
apple,77.74,75.02,71.45,19.64,0.148,64.62,B
tomato,94.27,63.26,100.0,0.0,0.144,79.81,C
cucumber,97.26,98.82,61.5,36.51,0.0,79.56,B
apple,79.62,77.78,46.9,49.62,0.239,61.3,C
cucumber,64.04,74.68,98.54,0.0,0.396,86.85,C
carrot,81.67,73.21,70.37,29.59,0.157,73.45,B
cucumber,100.0,85.34,45.4,61.57,0.0,75.43,C
banana,100.0,75.94,87.55,8.89,0.0,85.12,B
carrot,91.43,82.9,100.0,0.0,0.005,84.38,A
cucumber,100.0,81.08,78.54,18.2,0.0,75.88,A
carrot,76.54,87.22,81.43,16.01,0.162,76.6,A
tomato,100.0,99.74,97.44,0.0,0.0,94.51,A
apple,69.17,97.91,89.45,4.73,0.293,97.43,B
carrot,69.44,82.96,82.43,19.92,0.318,79.42,B
orange,61.0,63.26,74.16,30.73,0.321,70.08,C
tomato,89.77,59.96,71.67,38.21,0.13,56.46,C
banana,66.78,90.3,64.96,34.72,0.305,77.64,B
banana,69.49,79.32,57.19,45.75,0.314,60.17,C
carrot,75.36,83.94,88.23,13.74,0.305,84.62,A
apple,93.52,83.48,84.12,18.3,0.127,87.41,A
apple,68.38,81.4,63.84,29.85,0.21,64.87,B
apple,100.0,74.12,100.0,2.42,0.0,79.56,B
cucumber,100.0,100.0,80.39,12.72,0.0,85.93,A
carrot,97.17,100.0,79.13,19.05,0.106,84.67,A
carrot,84.94,71.65,65.83,29.89,0.221,78.31,B
carrot,79.72,78.78,66.4,33.61,0.175,72.11,B
tomato,71.92,79.72,73.03,25.06,0.259,80.19,B
cucumber,51.44,100.0,78.17,25.49,0.522,85.54,C
cucumber,62.52,79.04,87.19,9.31,0.405,71.27,C
carrot,72.22,96.01,73.26,21.76,0.245,69.49,B
tomato,93.86,75.01,68.57,17.44,0.0,77.74,B
apple,87.26,66.43,65.91,33.91,0.068,56.15,C
apple,86.59,89.1,90.0,0.67,0.137,88.21,A
tomato,76.69,79.46,65.43,16.46,0.291,74.1,B
tomato,85.1,76.63,69.3,26.09,0.176,68.97,B
orange,61.55,95.58,73.14,25.98,0.419,81.02,C
carrot,82.59,63.5,79.54,15.93,0.217,74.25,C
banana,84.22,62.72,74.35,18.59,0.156,56.95,C
banana,95.84,86.43,70.34,24.21,0.0,79.38,A
carrot,72.85,100.0,73.04,27.31,0.202,84.72,B
cucumber,72.41,76.17,81.23,27.86,0.283,84.42,B
tomato,87.32,95.01,66.24,32.51,0.117,83.36,B
carrot,79.88,92.52,66.99,38.33,0.252,83.14,B
banana,80.01,90.56,61.7,39.49,0.215,69.48,B
cucumber,59.27,76.86,76.64,18.98,0.411,77.08,C
banana,65.7,88.82,63.77,49.95,0.338,70.44,B
apple,95.21,77.09,54.18,50.94,0.027,68.9,C
carrot,92.03,85.29,100.0,0.0,0.039,91.37,A
carrot,100.0,97.46,63.29,32.64,0.0,76.46,B
orange,100.0,79.07,74.22,30.43,0.0,76.91,B
banana,73.58,74.96,65.79,35.56,0.275,69.28,B
banana,83.56,71.58,86.91,11.86,0.14,75.27,B
carrot,100.0,81.24,57.69,47.82,0.0,70.88,C
banana,68.92,97.37,66.55,41.84,0.258,80.49,B
orange,80.52,100.0,71.69,29.85,0.29,78.28,A
tomato,53.43,72.45,89.01,1.33,0.496,83.37,C
apple,93.68,86.37,97.75,5.49,0.04,86.33,A
carrot,69.46,81.52,78.8,8.39,0.294,80.3,B
carrot,100.0,84.23,61.45,27.64,0.034,68.49,B
cucumber,91.0,98.77,51.29,52.03,0.155,80.13,C
carrot,65.2,66.64,84.38,18.1,0.213,74.0,C
banana,90.01,83.78,78.34,19.47,0.047,80.97,A
orange,87.23,90.36,77.37,29.2,0.109,76.65,A
apple,85.16,83.52,83.95,8.46,0.238,87.29,A
tomato,92.71,78.54,61.03,45.43,0.018,81.1,B
banana,68.8,100.0,73.05,36.44,0.275,86.62,B
tomato,87.93,95.21,68.2,32.31,0.183,78.18,B
orange,86.59,79.37,79.29,21.21,0.095,78.03,B
apple,76.46,100.0,92.16,9.58,0.197,91.96,A
orange,100.0,69.88,77.82,24.34,0.0,68.84,C
carrot,69.8,73.49,97.24,2.7,0.276,85.9,B
banana,88.02,77.86,90.43,1.94,0.178,84.1,B
cucumber,67.6,67.27,49.33,46.09,0.353,53.49,C
cucumber,54.77,71.09,69.84,28.08,0.446,75.63,C
carrot,100.0,62.5,62.31,41.89,0.0,66.71,C
orange,81.11,100.0,92.68,13.68,0.168,95.85,A
orange,55.41,99.66,87.93,10.0,0.511,90.64,C
apple,50.43,94.09,55.54,43.28,0.506,76.74,C
apple,86.71,88.6,63.35,38.42,0.058,83.78,B
orange,56.96,77.84,54.9,40.72,0.431,63.73,C
carrot,81.4,76.45,73.86,33.46,0.231,69.46,B
orange,67.79,87.7,81.65,12.04,0.36,80.22,B
orange,85.94,68.42,67.53,29.19,0.149,66.96,C
cucumber,60.82,65.27,84.78,16.93,0.397,76.38,C
cucumber,80.76,100.0,94.79,3.48,0.166,83.09,A
cucumber,94.03,91.44,67.3,24.11,0.002,81.59,B
apple,88.37,83.04,91.47,10.75,0.158,76.8,A
banana,59.48,77.63,93.27,18.01,0.397,82.39,C
cucumber,90.95,75.4,100.0,0.0,0.196,91.44,B
orange,62.58,84.79,88.34,10.31,0.416,90.64,C
apple,77.75,67.9,74.77,26.28,0.129,72.18,C
orange,76.55,66.44,70.67,27.46,0.331,69.66,C
cucumber,76.23,59.51,86.76,9.29,0.221,67.87,C
tomato,79.09,94.78,90.92,18.59,0.295,82.62,A
apple,50.88,89.58,64.91,32.15,0.48,79.16,C
cucumber,55.72,66.89,76.02,31.17,0.442,67.5,C
banana,92.29,73.17,57.64,32.07,0.005,60.6,C
orange,74.42,67.5,78.97,19.55,0.367,64.71,C
banana,80.61,69.63,77.52,27.09,0.199,80.5,C
cucumber,45.33,71.89,99.6,5.87,0.574,91.91,C
banana,89.93,94.77,65.46,50.31,0.11,69.15,B
orange,83.72,73.36,94.64,8.65,0.133,91.51,B
cucumber,65.58,80.18,84.27,13.54,0.327,82.41,B
orange,62.01,55.21,79.83,8.24,0.33,58.66,C
tomato,84.4,79.33,71.87,20.24,0.123,77.48,B
apple,77.22,91.87,91.44,7.05,0.135,87.87,A
cucumber,66.35,69.34,77.12,37.47,0.312,73.22,C
cucumber,58.32,96.92,90.0,14.84,0.485,91.32,C
orange,100.0,89.59,40.49,62.24,0.0,69.53,C
tomato,84.12,61.11,80.3,20.96,0.177,73.59,C
cucumber,84.21,82.27,94.37,19.09,0.204,89.35,A
banana,84.49,85.07,76.3,36.69,0.118,86.46,A
apple,55.79,79.74,67.25,36.21,0.447,68.39,C
cucumber,100.0,95.08,100.0,1.42,0.0,100.0,A
orange,79.95,79.89,52.62,48.14,0.178,65.04,C
carrot,83.46,97.27,62.42,35.56,0.127,75.69,B
cucumber,75.05,89.03,81.13,12.53,0.314,89.8,A
tomato,64.48,96.69,81.23,17.83,0.373,88.83,C
orange,80.81,77.95,43.59,59.58,0.173,64.66,C
orange,85.23,77.83,92.37,8.86,0.156,84.41,B
banana,67.3,78.13,56.2,48.16,0.298,64.82,C
cucumber,70.25,82.75,55.99,30.55,0.32,58.8,C
carrot,100.0,80.03,96.79,3.06,0.08,86.13,A
orange,42.53,81.04,100.0,3.21,0.549,92.17,C
banana,76.72,100.0,67.72,38.29,0.271,80.36,B
tomato,71.63,94.22,78.32,23.71,0.202,89.55,B
orange,77.04,86.33,69.45,27.0,0.217,75.57,B
apple,100.0,92.94,60.5,51.71,0.0,76.87,B
cucumber,48.45,79.16,66.83,34.4,0.534,72.6,C
carrot,76.15,94.78,80.82,19.42,0.246,96.98,A
tomato,70.28,59.09,53.06,44.14,0.292,53.3,C
tomato,83.27,75.18,61.37,42.31,0.236,62.74,B
apple,49.42,64.31,66.58,40.23,0.467,61.36,C
orange,78.54,82.45,63.44,48.48,0.201,73.51,B
tomato,84.6,96.82,100.0,0.0,0.209,100.0,A
orange,92.62,80.9,73.01,32.61,0.122,84.78,A
orange,76.4,52.48,50.22,47.41,0.181,55.42,C
orange,58.35,75.98,68.61,38.62,0.386,74.56,C
orange,91.55,92.2,75.46,14.36,0.073,83.73,A
cucumber,82.29,73.15,94.25,5.83,0.131,81.41,B
orange,87.97,94.58,59.33,36.53,0.086,77.88,C
carrot,75.39,76.13,70.17,25.06,0.237,78.72,B
orange,83.2,98.56,73.07,23.76,0.214,80.89,A
apple,77.66,69.52,46.08,53.01,0.16,57.74,C
cucumber,100.0,83.12,92.31,10.09,0.0,78.09,A
orange,100.0,69.41,98.12,5.1,0.0,85.33,C
carrot,100.0,75.85,64.61,35.99,0.0,76.23,B
tomato,89.09,61.69,83.34,15.59,0.111,73.76,C
tomato,92.67,73.0,75.06,22.25,0.0,73.49,B
orange,100.0,61.46,75.62,24.05,0.014,63.72,C
tomato,57.32,97.97,60.28,36.73,0.532,75.45,C
apple,83.14,94.77,92.25,0.0,0.133,95.02,A
orange,66.58,76.08,82.71,21.0,0.368,75.16,B
orange,70.02,84.59,96.2,2.37,0.299,85.26,B
apple,80.31,94.93,76.48,24.03,0.122,74.95,A
carrot,96.78,82.94,79.3,13.2,0.0,86.43,A
tomato,68.68,90.06,79.04,20.24,0.406,82.28,B
apple,96.61,86.58,75.73,32.5,0.048,80.67,A
apple,96.74,96.42,30.0,72.64,0.043,63.04,C
tomato,87.15,85.13,86.84,11.55,0.203,89.88,A
orange,85.41,95.89,92.35,6.98,0.195,94.99,A
apple,100.0,95.17,65.99,47.99,0.0,83.77,B
apple,100.0,85.03,63.3,35.1,0.0,72.64,B
tomato,73.07,72.99,80.32,22.03,0.219,68.36,B
orange,85.98,90.76,84.82,24.62,0.19,100.0,A
apple,100.0,60.9,40.85,59.11,0.025,50.49,C
banana,73.95,73.67,67.31,31.49,0.303,68.06,B
orange,73.67,88.84,72.82,33.88,0.217,75.15,B
tomato,84.06,71.62,97.5,14.05,0.128,92.0,B
banana,42.27,94.91,62.28,43.58,0.529,78.25,C
cucumber,74.79,100.0,74.27,38.39,0.233,94.6,B
carrot,53.61,78.56,67.42,41.8,0.473,62.55,C
orange,62.81,93.21,88.88,9.32,0.344,94.63,C
cucumber,61.06,87.49,81.96,16.39,0.409,85.24,C
banana,57.99,89.37,92.43,9.5,0.45,90.35,C
cucumber,91.37,82.78,57.63,47.29,0.005,71.62,C
cucumber,71.28,84.06,64.65,38.42,0.29,71.27,B
apple,98.07,84.46,86.09,22.41,0.089,88.17,A
tomato,56.55,84.48,93.51,8.61,0.262,93.35,C
cucumber,91.97,78.39,91.81,11.95,0.046,91.46,B
cucumber,77.14,80.12,62.79,39.03,0.294,77.69,B
apple,88.85,61.65,54.62,46.37,0.11,55.65,C
carrot,99.86,100.0,77.69,25.56,0.051,89.12,A
carrot,100.0,70.72,66.3,28.04,0.078,72.52,B
apple,65.04,98.62,81.79,26.68,0.347,92.76,B
orange,82.5,74.51,73.69,19.2,0.2,77.91,B
carrot,88.0,80.46,100.0,5.35,0.189,97.49,A
tomato,76.12,86.65,88.39,4.71,0.182,81.03,A
orange,73.0,64.77,78.39,21.04,0.329,81.65,C
cucumber,84.85,73.64,86.35,13.71,0.14,75.69,B
tomato,75.33,91.65,84.18,26.78,0.28,90.03,A
orange,73.41,69.55,66.88,28.92,0.138,63.17,C
cucumber,83.53,77.48,82.38,5.9,0.179,86.32,B
apple,76.18,60.74,69.38,38.3,0.251,57.96,C
cucumber,59.19,79.08,59.4,34.38,0.385,72.42,C
tomato,97.36,77.37,59.84,43.03,0.052,69.8,C
tomato,76.31,83.18,73.09,33.33,0.348,79.03,A
cucumber,77.9,85.07,65.47,39.12,0.243,73.17,B
orange,78.28,70.36,81.63,19.8,0.265,80.15,B
orange,76.36,76.33,76.03,26.15,0.261,77.69,B
cucumber,92.95,73.91,100.0,4.58,0.014,87.88,B
cucumber,89.59,77.81,52.08,41.69,0.131,56.17,C
apple,86.05,79.33,64.87,32.16,0.066,74.52,B
cucumber,65.9,75.57,81.55,16.91,0.306,68.61,B
cucumber,79.18,75.79,59.4,40.67,0.232,68.09,C
banana,100.0,90.46,74.28,30.15,0.002,82.6,A
carrot,64.53,82.28,95.04,6.82,0.336,80.13,C
carrot,43.94,100.0,80.94,15.56,0.578,85.73,C
tomato,63.89,65.04,42.32,48.09,0.412,48.75,C
carrot,86.02,93.48,76.27,21.94,0.146,82.79,A
carrot,100.0,99.4,41.57,55.8,0.0,72.8,C
carrot,52.09,61.08,96.91,0.0,0.405,73.48,C
carrot,65.66,84.9,60.34,29.19,0.415,74.61,B
tomato,72.99,75.74,99.44,4.11,0.327,84.67,B
banana,84.03,75.4,74.47,22.03,0.18,68.33,B
cucumber,86.58,85.73,72.75,29.95,0.116,75.89,A
tomato,86.81,75.91,66.51,32.39,0.104,78.84,B
carrot,82.75,82.18,61.08,43.36,0.142,68.36,B
apple,83.81,51.96,73.48,27.28,0.145,63.52,C
apple,50.85,48.03,60.39,41.3,0.33,49.99,C
tomato,74.36,100.0,72.53,26.83,0.298,86.37,B
apple,74.78,93.12,83.55,18.18,0.245,86.6,B
cucumber,72.95,96.78,59.25,49.36,0.294,73.17,C
cucumber,85.63,74.2,76.53,20.55,0.137,80.07,B
apple,61.12,69.18,80.33,21.73,0.355,82.71,C
orange,90.2,74.49,64.44,34.19,0.081,75.75,B
cucumber,78.53,90.13,89.17,11.18,0.235,92.62,A
carrot,85.31,72.65,65.16,33.11,0.112,61.54,B
carrot,83.2,65.93,72.15,26.75,0.177,63.63,C
apple,57.69,88.24,51.46,47.15,0.407,69.23,C
banana,100.0,62.81,90.03,0.0,0.07,66.2,C
banana,100.0,77.32,96.65,9.86,0.0,85.19,B
banana,89.81,76.92,62.9,40.33,0.057,68.26,B
banana,79.61,74.29,68.14,41.07,0.194,69.41,B
apple,84.82,69.59,82.84,18.7,0.062,85.19,C
banana,99.91,72.39,58.04,43.33,0.0,72.04,C
cucumber,100.0,72.11,74.2,33.4,0.0,74.52,B
banana,94.39,75.33,55.81,35.44,0.085,67.51,C
cucumber,73.89,64.83,38.36,78.85,0.287,52.28,C
carrot,82.18,64.82,63.28,47.18,0.211,60.24,C
carrot,70.26,78.21,100.0,0.0,0.238,88.81,B
apple,81.97,66.63,82.43,24.82,0.187,70.55,C
banana,53.12,80.39,80.97,13.65,0.566,84.64,C
carrot,51.11,60.73,60.26,49.18,0.533,68.61,C
banana,74.86,67.03,81.59,17.23,0.24,82.4,C
tomato,76.1,97.97,50.59,65.54,0.22,77.82,C
cucumber,70.54,91.83,89.94,5.79,0.26,91.11,B
orange,76.27,98.72,87.24,12.33,0.268,82.75,A
cucumber,82.32,95.38,79.2,29.55,0.22,84.85,A
carrot,75.9,86.9,68.82,40.37,0.186,79.44,B
orange,73.3,75.53,74.78,30.09,0.242,69.81,B
carrot,95.26,86.79,92.13,12.43,0.156,95.03,A
banana,85.05,75.31,68.73,22.79,0.135,74.75,B
orange,77.01,68.81,51.63,61.04,0.246,56.1,C
cucumber,100.0,89.45,31.41,84.51,0.0,59.4,C
cucumber,61.0,73.12,80.55,7.02,0.385,82.57,C
carrot,57.15,80.33,70.59,25.84,0.369,78.05,C
cucumber,86.93,69.21,61.16,39.66,0.082,66.08,C
tomato,77.1,67.44,82.27,16.66,0.221,77.23,C
carrot,88.37,82.43,75.03,37.35,0.176,82.9,A
apple,84.92,69.93,94.04,6.83,0.122,80.77,C
orange,63.51,94.69,86.93,14.16,0.363,87.4,C
cucumber,56.81,73.09,61.71,40.02,0.473,66.76,C
cucumber,99.13,72.61,73.83,25.86,0.063,73.75,B
cucumber,53.18,71.2,93.54,0.0,0.535,84.87,C
carrot,66.79,72.02,100.0,8.47,0.326,86.68,B
cucumber,80.02,73.91,74.74,36.12,0.195,69.09,B
tomato,57.5,83.53,63.83,37.65,0.344,77.13,C
cucumber,78.69,77.94,100.0,1.03,0.31,91.77,B
tomato,99.38,79.49,81.53,25.78,0.051,83.17,B
orange,75.62,95.65,97.53,0.0,0.207,92.07,A
orange,90.45,70.85,89.08,14.19,0.068,87.78,B
tomato,100.0,85.83,42.82,66.73,0.049,62.18,C
cucumber,63.53,63.17,100.0,0.0,0.302,82.93,C
banana,63.28,93.94,83.43,14.25,0.368,86.47,C
orange,77.07,72.86,66.72,29.62,0.193,75.01,B
cucumber,64.01,67.67,73.48,39.45,0.308,69.77,C
apple,79.33,80.7,68.67,38.26,0.229,78.91,B
cucumber,91.41,100.0,97.3,16.65,0.147,95.3,A
cucumber,90.71,90.53,100.0,0.0,0.121,91.86,A
carrot,74.78,87.75,53.43,51.32,0.263,71.36,C
tomato,100.0,77.41,81.48,19.13,0.01,90.55,B
tomato,69.49,100.0,71.08,19.29,0.268,79.31,B
tomato,51.0,77.64,74.88,32.21,0.521,79.18,C
tomato,91.27,98.69,82.31,20.22,0.024,95.78,A
apple,100.0,85.88,66.49,32.54,0.0,74.38,B
banana,82.19,94.05,81.93,12.88,0.153,85.18,A
apple,75.2,100.0,100.0,5.02,0.254,93.19,A
tomato,66.15,100.0,50.3,52.0,0.295,75.1,C
apple,87.99,94.26,75.03,29.54,0.087,85.87,A
carrot,82.98,75.65,71.54,34.56,0.116,68.87,B
tomato,87.02,76.73,52.75,55.35,0.075,63.74,C
cucumber,73.53,71.38,87.43,13.24,0.314,76.36,B
cucumber,100.0,59.14,50.64,59.88,0.024,56.6,C
banana,86.57,85.6,60.55,44.36,0.167,80.21,B
banana,100.0,85.97,56.36,54.28,0.0,72.85,C
orange,71.54,91.17,79.91,23.17,0.244,84.67,B
orange,66.46,79.61,74.1,36.97,0.322,66.23,B
orange,84.74,80.43,69.0,25.31,0.25,74.98,B
orange,51.93,85.93,95.3,5.64,0.436,85.66,C
banana,100.0,81.14,49.14,53.16,0.007,62.9,C
tomato,62.69,69.23,93.39,8.1,0.397,82.53,C
apple,70.97,79.53,94.64,13.85,0.229,86.04,B
orange,90.59,100.0,100.0,0.0,0.158,100.0,A
apple,89.82,66.83,84.8,21.23,0.101,74.58,C
orange,54.43,90.2,79.34,15.13,0.439,85.54,C
banana,78.04,61.0,97.59,2.5,0.165,67.0,C
tomato,93.44,88.7,79.37,25.81,0.109,85.01,A
carrot,71.74,87.05,98.35,1.03,0.356,94.57,B
banana,83.71,100.0,100.0,10.07,0.123,100.0,A
cucumber,74.59,56.09,81.22,12.28,0.275,62.85,C
cucumber,100.0,88.62,100.0,0.0,0.077,85.3,A
orange,68.53,76.62,67.74,26.78,0.252,69.97,B
tomato,79.74,95.96,80.73,26.27,0.129,86.18,A
orange,83.15,71.67,90.95,5.87,0.13,83.74,B
cucumber,78.09,75.73,67.09,26.49,0.199,76.91,B
orange,92.38,88.19,66.2,23.9,0.03,73.84,B
cucumber,66.77,93.77,91.53,21.74,0.294,100.0,B
cucumber,74.52,87.68,95.85,3.79,0.248,88.63,B
banana,42.6,82.85,64.64,28.91,0.595,66.49,C
carrot,85.25,77.2,74.99,17.87,0.185,77.03,B
carrot,81.93,88.02,65.72,25.16,0.229,80.32,B
carrot,84.14,97.1,94.22,2.39,0.084,89.07,A
carrot,73.32,99.55,64.34,32.08,0.236,79.29,B
carrot,58.8,95.01,73.68,41.19,0.353,92.3,C
tomato,98.87,77.06,69.68,24.79,0.0,73.37,B
carrot,53.96,100.0,71.85,28.55,0.429,84.59,C
orange,72.63,81.96,75.77,29.06,0.285,82.39,B
cucumber,81.47,79.1,92.05,9.89,0.177,84.64,B
banana,76.36,82.37,75.1,21.55,0.275,82.87,A
cucumber,68.95,90.0,45.45,59.52,0.238,62.8,C
banana,82.98,74.54,63.87,33.22,0.207,64.54,B
carrot,72.32,91.84,89.57,0.0,0.329,87.65,B
tomato,81.54,70.73,81.94,33.37,0.191,74.04,B
apple,55.96,99.39,81.01,12.7,0.39,90.27,C
carrot,91.98,68.19,93.81,5.64,0.034,78.66,C
orange,57.18,73.22,91.24,10.06,0.389,87.05,C
orange,93.18,85.98,66.2,31.05,0.082,69.53,B
apple,100.0,79.17,81.7,25.42,0.098,88.22,B
cucumber,51.97,78.21,84.01,13.02,0.569,89.26,C
carrot,75.56,73.01,72.88,25.77,0.292,68.5,B
banana,38.75,62.75,59.55,36.52,0.622,55.75,C
apple,64.06,68.61,67.13,29.29,0.394,62.92,C
tomato,72.64,75.46,88.94,10.13,0.326,76.44,B
apple,69.36,67.29,74.92,35.48,0.264,70.47,C
cucumber,58.32,64.49,63.4,33.9,0.397,62.82,C
orange,68.61,88.02,54.27,43.6,0.329,67.23,C
orange,83.12,63.75,90.22,11.98,0.172,82.6,C
carrot,68.73,98.47,100.0,0.0,0.307,100.0,B
tomato,76.83,89.14,88.49,8.14,0.253,88.78,A
apple,63.16,74.17,90.86,14.91,0.406,84.71,C
apple,84.19,85.33,82.52,20.33,0.088,79.97,A
banana,94.61,100.0,41.3,68.09,0.058,75.71,C
orange,85.6,99.28,79.36,12.46,0.139,91.9,A
banana,87.87,81.21,66.47,27.01,0.102,74.86,B
apple,48.61,72.64,44.05,52.24,0.574,52.42,C
carrot,100.0,99.44,78.14,27.01,0.0,80.92,A
carrot,78.43,86.78,93.51,3.08,0.225,90.94,A
tomato,76.91,71.74,80.48,20.69,0.209,79.44,B
tomato,93.42,90.13,59.32,41.28,0.02,75.21,C
orange,97.16,91.4,94.45,11.86,0.015,90.8,A
cucumber,100.0,80.02,54.33,51.72,0.007,74.7,C
cucumber,77.7,100.0,51.38,45.1,0.179,64.72,C
banana,91.1,75.31,90.49,11.85,0.119,80.62,B
apple,79.35,93.03,75.19,20.59,0.147,85.13,A
tomato,69.69,81.14,72.18,25.15,0.318,79.43,B
apple,89.37,100.0,62.9,27.49,0.106,85.74,B
carrot,88.52,96.54,35.42,72.1,0.132,58.26,C
apple,80.54,86.57,91.99,10.6,0.121,88.57,A
orange,53.74,89.79,98.37,0.0,0.429,89.67,C
banana,84.19,76.68,86.44,19.95,0.213,75.97,B
tomato,98.79,99.59,100.0,0.0,0.0,94.88,A
banana,78.18,92.17,96.9,0.18,0.216,94.02,A
apple,68.47,90.83,81.81,19.05,0.333,89.39,B
orange,65.42,92.76,80.09,17.31,0.357,88.14,B
orange,94.23,69.45,97.2,2.94,0.032,80.64,C
carrot,51.89,90.13,100.0,0.0,0.434,98.82,C
banana,77.32,92.01,74.37,22.14,0.216,71.28,A
banana,92.22,96.3,98.5,4.15,0.0,94.23,A
carrot,97.87,100.0,97.8,0.78,0.0,98.7,A
banana,100.0,84.73,76.27,24.17,0.02,83.63,A
banana,67.13,69.31,97.93,0.0,0.411,74.07,C
apple,92.58,82.0,54.94,47.62,0.078,67.39,C
carrot,68.64,81.58,66.69,47.92,0.302,72.27,B
apple,100.0,62.33,81.75,16.81,0.0,67.95,C
banana,82.75,71.63,80.15,30.22,0.181,68.62,B
cucumber,73.72,77.77,78.43,23.44,0.349,78.08,B
banana,60.72,95.85,96.21,5.19,0.381,99.14,C
banana,47.16,88.76,90.28,18.37,0.492,90.65,C
apple,81.72,83.02,77.84,22.39,0.193,84.13,A
banana,66.66,79.93,69.24,27.37,0.253,74.71,B
carrot,85.19,80.14,75.86,26.65,0.219,75.9,A
cucumber,76.64,100.0,57.43,46.48,0.291,66.89,C
banana,84.15,89.24,71.72,24.4,0.129,78.84,A
cucumber,70.64,77.87,95.05,0.0,0.206,92.49,B
cucumber,75.12,77.34,74.22,27.04,0.223,78.31,B
carrot,73.47,55.42,94.76,4.19,0.299,77.47,C
banana,86.25,81.91,82.21,12.02,0.079,81.55,A
orange,99.38,86.5,64.54,33.83,0.013,75.18,B
carrot,82.08,82.82,53.75,33.35,0.161,71.09,C
banana,96.55,81.44,97.72,9.2,0.087,83.56,A
carrot,78.26,96.67,80.36,22.97,0.148,98.11,A
banana,48.08,77.79,36.84,56.65,0.647,55.41,C
apple,56.58,82.3,61.64,43.55,0.39,73.32,C
orange,100.0,88.04,73.67,24.57,0.0,77.05,A
orange,66.17,100.0,67.16,20.07,0.28,88.22,B
cucumber,75.99,96.04,63.57,40.23,0.207,82.68,B
cucumber,72.13,79.1,89.12,15.37,0.27,81.75,B
apple,86.84,77.31,65.55,40.6,0.137,70.61,B
cucumber,79.72,86.05,75.09,32.13,0.266,83.23,A
orange,78.13,90.28,92.07,14.04,0.265,94.33,A
cucumber,100.0,75.52,73.52,25.2,0.0,64.58,B
banana,62.61,84.04,53.25,50.47,0.335,62.96,C
apple,80.92,73.59,66.81,34.22,0.231,66.11,B
carrot,78.35,88.47,99.4,0.0,0.201,99.82,A
orange,100.0,70.08,64.18,38.11,0.0,63.33,B
cucumber,100.0,66.29,99.97,0.0,0.017,91.08,C
banana,82.88,78.43,87.49,11.47,0.197,81.94,B
cucumber,57.09,69.84,53.46,46.2,0.353,58.19,C
banana,61.39,99.76,60.15,32.13,0.399,88.39,C
apple,77.42,97.49,90.05,12.5,0.197,96.05,A
tomato,57.59,74.52,98.9,8.91,0.446,77.06,C
orange,67.81,79.94,55.99,42.53,0.41,69.97,C
apple,81.28,69.79,49.78,42.85,0.103,60.16,C
tomato,63.52,83.78,99.5,12.24,0.403,90.77,C
carrot,89.07,98.22,43.88,65.01,0.082,68.38,C
cucumber,82.8,68.66,71.44,31.71,0.183,71.96,C
carrot,73.14,90.32,92.9,13.08,0.29,96.31,B
orange,100.0,96.62,74.58,19.95,0.0,83.94,A
cucumber,85.67,73.6,95.07,0.0,0.062,83.66,B
banana,59.13,74.36,63.82,36.24,0.378,66.39,C
banana,77.93,94.17,99.53,1.35,0.232,95.94,A
orange,83.85,97.91,45.78,52.81,0.178,71.71,C
orange,63.91,66.41,88.9,6.56,0.273,81.94,C
carrot,76.26,71.03,74.18,33.11,0.157,64.79,B
carrot,68.58,81.68,68.06,35.8,0.369,76.26,B
tomato,82.08,82.11,55.3,38.53,0.112,67.97,C
cucumber,81.48,64.61,77.16,17.59,0.132,67.76,C
banana,87.1,79.98,89.04,8.3,0.109,93.88,B
